crew_id,date,duty_start,duty_end,num_sectors,is_night_duty,is_early_start,duration_hours,rest_hours_before,consecutive_work_days
C001,2025-01-01,2025-01-01 02:00:00,2025-01-01 09:33:33.775201963,3,1,1,7.559382000545538,42.0,1
C001,2025-01-03,2025-01-03 15:15:00,2025-01-04 00:04:56.245120263,1,1,0,8.832290311184181,25.0,1
C001,2025-01-04,2025-01-04 01:00:00,2025-01-04 07:21:49.139763891,1,1,1,6.363649934414202,0.9177096886111111,2
C001,2025-01-05,2025-01-05 16:30:00,2025-01-05 23:39:53.699618851,3,0,0,7.164916560792168,33.136350065555554,3
C001,2025-01-07,2025-01-07 10:45:00,2025-01-07 18:16:47.452674247,4,0,0,7.529847965068651,26.0,1
C001,2025-01-08,2025-01-08 18:45:00,2025-01-09 00:56:42.557204241,1,1,0,6.195154778955839,24.470152034722226,2
C001,2025-01-09,2025-01-09 18:15:00,2025-01-10 00:17:52.435523978,4,1,0,6.047898756660643,17.304845220833332,3
C001,2025-01-10,2025-01-10 21:30:00,2025-01-11 04:59:07.910629201,3,1,0,7.48553073033381,21.202101243333335,4
C001,2025-01-11,2025-01-11 15:15:00,2025-01-12 00:16:17.204308574,2,1,0,9.02144564127061,10.264469269444445,5
C001,2025-01-13,2025-01-13 05:15:00,2025-01-13 14:21:01.912656400,2,0,1,9.100531293444458,59.0,1
C001,2025-01-14,2025-01-14 01:00:00,2025-01-14 07:23:31.076609417,2,1,1,6.391965724838291,10.64946870638889,2
C001,2025-01-15,2025-01-15 09:45:00,2025-01-15 17:54:31.566706402,2,0,0,8.158768529556319,26.358034274999998,3
C001,2025-01-16,2025-01-16 16:00:00,2025-01-16 23:11:06.338482138,1,0,0,7.18509402281633,22.091231470277776,4
C001,2025-01-18,2025-01-18 15:30:00,2025-01-18 21:31:19.518486579,3,0,0,6.02208846849441,40.0,1
C001,2025-01-19,2025-01-19 20:30:00,2025-01-20 02:43:19.682238728,2,1,0,6.222133955202271,22.97791153138889,2
C001,2025-01-21,2025-01-21 09:30:00,2025-01-21 15:52:53.905677461,3,0,0,6.381640465961645,47.0,1
C001,2025-01-22,2025-01-22 13:00:00,2025-01-22 22:32:55.863493099,3,0,0,9.548850970305306,21.11835953388889,2
C001,2025-01-24,2025-01-24 19:15:00,2025-01-25 01:57:28.637133288,3,1,0,6.707954759246867,50.0,1
C001,2025-01-25,2025-01-25 10:30:00,2025-01-25 16:37:32.580273888,1,0,0,6.125716742746937,8.542045240555556,2
C001,2025-01-26,2025-01-26 12:00:00,2025-01-26 18:59:49.808099743,3,0,0,6.9971689165955,19.37428325722222,3
C001,2025-01-27,2025-01-27 06:15:00,2025-01-27 13:24:32.420921958,4,0,0,7.1590058116550725,11.252831083333334,4
C001,2025-01-28,2025-01-28 18:45:00,2025-01-29 01:03:59.338006166,4,1,0,6.316482779490812,29.340994188333333,5
C001,2025-01-30,2025-01-30 01:00:00,2025-01-30 07:14:39.033273844,3,1,1,6.2441759094013465,56.0,1
C001,2025-01-31,2025-01-31 16:00:00,2025-02-01 01:16:19.412629283,3,1,0,9.272059063689973,32.755824090555556,2
C001,2025-02-02,2025-02-02 12:15:00,2025-02-02 21:01:11.078873619,4,0,0,8.769744131561081,47.0,1
C001,2025-02-03,2025-02-03 15:00:00,2025-02-03 23:48:43.473008090,2,0,0,8.81207583558071,17.980255868333334,2
C001,2025-02-04,2025-02-04 01:30:00,2025-02-04 08:53:33.390764446,1,1,1,7.392608545679577,1.6879241641666667,3
C001,2025-02-06,2025-02-06 09:15:00,2025-02-06 17:15:38.577934495,3,0,0,8.010716092915446,60.0,1
C001,2025-02-07,2025-02-07 09:15:00,2025-02-07 17:22:25.457999766,4,0,0,8.123738333268545,15.989283906944443,2
C001,2025-02-08,2025-02-08 14:30:00,2025-02-08 23:32:47.322460733,1,0,0,9.04647846131487,21.126261666666668,3
C001,2025-02-09,2025-02-09 11:15:00,2025-02-09 21:11:01.293228885,3,0,0,9.933692563579372,11.70352153861111,4
C001,2025-02-10,2025-02-10 18:15:00,2025-02-11 01:12:44.424701694,4,1,0,6.962340194915208,21.06630743638889,5
C001,2025-02-12,2025-02-12 20:30:00,2025-02-13 04:38:00.414950330,3,1,0,8.133448597314054,43.0,1
C001,2025-02-13,2025-02-13 04:30:00,2025-02-13 12:05:25.037103660,2,0,1,7.590288084350089,-0.1334485975,2
C001,2025-02-14,2025-02-14 18:30:00,2025-02-15 00:50:25.514029398,3,1,0,6.340420563721767,30.409711915555555,3
C001,2025-02-15,2025-02-15 16:00:00,2025-02-16 00:03:59.556834302,2,1,0,8.066543565084057,15.15957943611111,4
C001,2025-02-16,2025-02-16 00:30:00,2025-02-16 08:18:03.010011575,3,1,1,7.8008361143266605,0.4334564347222222,5
C001,2025-02-17,2025-02-17 10:15:00,2025-02-17 19:40:31.069803044,4,0,0,9.425297167512369,25.949163885555556,6
C001,2025-02-18,2025-02-18 00:15:00,2025-02-18 06:34:23.726741481,4,1,1,6.323257428189228,4.574702832222223,7
C001,2025-02-19,2025-02-19 05:00:00,2025-02-19 14:45:37.921571392,1,0,1,9.760533769831113,22.42674257166667,8
C001,2025-02-20,2025-02-20 09:45:00,2025-02-20 18:31:03.290846774,1,0,0,8.767580790770772,18.989466229999998,9
C001,2025-02-22,2025-02-22 04:45:00,2025-02-22 11:27:55.047012787,4,0,1,6.715290836885315,31.0,1
C001,2025-02-23,2025-02-23 18:30:00,2025-02-24 02:07:39.434489992,3,1,0,7.627620691664697,31.034709163055556,2
C001,2025-02-24,2025-02-24 13:30:00,2025-02-24 23:24:56.057159160,2,0,0,9.915571433100036,11.372379308333333,3
C001,2025-02-25,2025-02-25 12:45:00,2025-02-25 20:45:37.974140714,3,0,0,8.010548372420768,13.334428566666668,4
C001,2025-02-26,2025-02-26 04:45:00,2025-02-26 12:44:48.384670340,3,0,1,7.996773519539009,7.9894516275,5
C001,2025-02-27,2025-02-27 05:00:00,2025-02-27 14:48:56.571508837,2,0,1,9.81571430801035,16.253226480277778,6
C001,2025-02-28,2025-02-28 04:00:00,2025-02-28 11:42:45.851735769,3,0,1,7.712736593269257,13.184285691944444,7
C001,2025-03-01,2025-03-01 02:45:00,2025-03-01 09:21:41.018538867,3,1,1,6.611394038574364,15.037263406666668,8
C002,2025-01-01,2025-01-01 09:30:00,2025-01-01 17:43:37.938179400,2,0,0,8.227205049833401,26.0,1
C002,2025-01-02,2025-01-02 06:15:00,2025-01-02 16:12:36.775441501,3,0,0,9.960215400417052,12.522794950000002,2
C002,2025-01-03,2025-01-03 00:00:00,2025-01-03 07:41:50.422523457,3,1,1,7.697339589849349,7.789784599444445,3
C002,2025-01-04,2025-01-04 14:15:00,2025-01-04 21:55:44.844332826,1,0,0,7.6791234257851055,30.55266041,4
C002,2025-01-05,2025-01-05 06:00:00,2025-01-05 14:00:21.834643495,4,0,0,8.006065178748798,8.070876574166666,5
C002,2025-01-06,2025-01-06 23:30:00,2025-01-07 08:10:12.057691629,3,1,0,8.6700160254527,33.49393482111111,6
C002,2025-01-07,2025-01-07 06:30:00,2025-01-07 15:11:17.176348250,1,0,0,8.688104541180797,-1.6700160255555556,7
C002,2025-01-09,2025-01-09 19:45:00,2025-01-10 01:50:29.402699341,2,1,0,6.091500749817149,29.0,1
C002,2025-01-10,2025-01-10 12:00:00,2025-01-10 20:05:20.302944789,4,0,0,8.088973040219217,10.15849925,2
C002,2025-01-12,2025-01-12 04:15:00,2025-01-12 11:01:39.072489526,3,0,1,6.777520135979492,58.0,1
C002,2025-01-13,2025-01-13 22:15:00,2025-01-14 07:09:30.998164832,2,1,0,8.908610601342478,35.222479863888886,2
C002,2025-01-15,2025-01-15 14:15:00,2025-01-15 21:15:12.391593791,1,0,0,7.003442109386645,46.0,1
C002,2025-01-16,2025-01-16 18:00:00,2025-01-17 00:31:11.578656765,3,1,0,6.519882960212537,20.746557890555554,2
C002,2025-01-17,2025-01-17 16:00:00,2025-01-18 00:38:26.842224735,1,1,0,8.640789506870926,15.480117039722222,3
C002,2025-01-18,2025-01-18 22:30:00,2025-01-19 06:20:06.584059331,3,1,0,7.835162238703057,21.859210493055556,4
C002,2025-01-19,2025-01-19 12:00:00,2025-01-19 18:28:50.370928401,2,0,0,6.480658591222569,5.6648377611111105,5
C002,2025-01-22,2025-01-22 00:15:00,2025-01-22 07:11:54.051569428,2,1,1,6.948347658174651,71.0,1
C002,2025-01-23,2025-01-23 12:15:00,2025-01-23 19:50:38.468175322,2,0,0,7.594018937589494,29.051652341666667,2
C002,2025-01-24,2025-01-24 06:30:00,2025-01-24 12:33:40.385380181,2,0,0,6.061218161161539,10.65598106222222,3
C002,2025-01-25,2025-01-25 11:45:00,2025-01-25 20:12:48.256767214,3,0,0,8.463404657559655,23.18878183861111,4
C002,2025-01-26,2025-01-26 02:45:00,2025-01-26 10:21:06.834921713,2,1,1,7.601898589364799,6.536595342222222,5
C002,2025-01-27,2025-01-27 04:00:00,2025-01-27 12:10:56.881766149,4,0,1,8.18246715726374,17.648101410555554,6
C002,2025-01-28,2025-01-28 01:00:00,2025-01-28 07:24:48.127391112,1,1,1,6.413368719753491,12.8175328425,7
C002,2025-01-30,2025-01-30 05:00:00,2025-01-30 13:43:55.297537195,2,0,1,8.732027093665428,31.0,1
C002,2025-01-31,2025-01-31 23:00:00,2025-02-01 07:26:36.259611960,3,1,0,8.443405447766807,33.26797290611111,2
C002,2025-02-02,2025-02-02 15:00:00,2025-02-02 23:56:25.023030775,1,0,0,8.940284175215544,59.0,1
C002,2025-02-04,2025-02-04 18:45:00,2025-02-05 02:56:41.795757236,2,1,0,8.194943265898921,62.0,1
C002,2025-02-05,2025-02-05 00:30:00,2025-02-05 06:58:37.897390490,1,1,1,6.47719371958068,-2.4449432661111112,2
C002,2025-02-06,2025-02-06 05:15:00,2025-02-06 14:51:36.761856185,4,0,1,9.610211626718266,22.272806280277777,3
C002,2025-02-07,2025-02-07 10:45:00,2025-02-07 18:18:24.504173771,1,0,0,7.556806714936652,19.889788373055556,4
C002,2025-02-08,2025-02-08 06:30:00,2025-02-08 16:19:37.932745820,4,0,0,9.827203540505826,12.193193285,5
C002,2025-02-09,2025-02-09 12:45:00,2025-02-09 19:07:00.539720522,1,0,0,6.366816589033924,20.42279645944444,6
C002,2025-02-10,2025-02-10 04:00:00,2025-02-10 13:09:58.738229652,3,0,1,9.166316174903393,8.883183410833333,7
C002,2025-02-12,2025-02-12 06:30:00,2025-02-12 12:43:24.544627353,3,0,0,6.2234846187094,52.0,1
C002,2025-02-13,2025-02-13 04:45:00,2025-02-13 13:47:45.753096731,1,0,1,9.04604252686989,16.02651538111111,2
C002,2025-02-16,2025-02-16 05:15:00,2025-02-16 14:49:03.315486385,1,0,1,9.567587635107106,52.0,1
C002,2025-02-18,2025-02-18 08:00:00,2025-02-18 17:31:17.183548393,3,0,0,9.521439874553668,30.0,1
C002,2025-02-19,2025-02-19 23:30:00,2025-02-20 07:37:28.356912298,1,1,0,8.1245435867496,29.97856012527778,2
C002,2025-02-20,2025-02-20 19:30:00,2025-02-21 04:13:08.627359023,2,1,0,8.719063155284207,11.875456413055554,3
C002,2025-02-21,2025-02-21 05:45:00,2025-02-21 11:58:30.767169818,4,0,1,6.225213102727349,1.5309368444444442,4
C002,2025-02-23,2025-02-23 22:00:00,2025-02-24 04:42:45.069889958,3,1,0,6.71251941387741,48.0,1
C002,2025-02-24,2025-02-24 05:00:00,2025-02-24 14:12:30.373185984,4,0,1,9.208436996106936,0.2874805861111111,2
C002,2025-02-25,2025-02-25 13:45:00,2025-02-25 23:26:54.863955219,1,0,0,9.698573320894385,23.54156300388889,3
C002,2025-02-26,2025-02-26 18:00:00,2025-02-27 01:34:09.456717037,1,1,0,7.5692935325104465,18.551426678888888,4
C002,2025-02-27,2025-02-27 12:30:00,2025-02-27 21:17:15.720804438,4,0,0,8.787700223455259,10.930706467222222,5
C002,2025-02-28,2025-02-28 01:45:00,2025-02-28 09:39:02.962685351,2,1,1,7.9008229681531175,4.462299776388889,6
C002,2025-03-01,2025-03-01 15:45:00,2025-03-01 22:25:43.390616096,2,0,0,6.678719615582262,30.099177031666667,7
C003,2025-01-01,2025-01-01 04:45:00,2025-01-01 14:38:51.285230392,3,0,1,9.897579230664666,40.0,1
C003,2025-01-02,2025-01-02 10:15:00,2025-01-02 19:32:24.536298093,3,0,0,9.290148971692677,19.602420769166667,2
C003,2025-01-03,2025-01-03 09:15:00,2025-01-03 15:34:51.577248508,2,0,0,6.3309936801412245,13.709851028055557,3
C003,2025-01-04,2025-01-04 04:15:00,2025-01-04 13:21:37.472885787,4,0,1,9.110409134940902,12.669006319722222,4
C003,2025-01-05,2025-01-05 16:30:00,2025-01-06 02:22:46.767328530,1,1,0,9.879657591258413,27.139590865,5
C003,2025-01-06,2025-01-06 10:00:00,2025-01-06 16:32:07.470510729,4,0,0,6.535408475202533,7.620342408611111,6
C003,2025-01-08,2025-01-08 12:00:00,2025-01-08 21:59:11.570453864,3,0,0,9.986547348295622,60.0,1
C003,2025-01-09,2025-01-09 20:15:00,2025-01-10 02:59:31.359498826,1,1,0,6.742044305229593,22.263452651666668,2
C003,2025-01-11,2025-01-11 08:45:00,2025-01-11 17:26:12.489855444,2,0,0,8.686802737623427,51.0,1
C003,2025-01-12,2025-01-12 05:15:00,2025-01-12 13:19:52.430893014,3,0,1,8.081230803615174,11.813197262222221,2
C003,2025-01-13,2025-01-13 01:15:00,2025-01-13 09:11:09.411111166,2,1,1,7.9359475308796465,11.918769196111112,3
C003,2025-01-14,2025-01-14 14:00:00,2025-01-14 23:01:13.976481700,2,0,0,9.020549022694476,28.81405246888889,4
C003,2025-01-15,2025-01-15 05:15:00,2025-01-15 13:43:08.597454201,2,0,1,8.469054848389169,6.229450977222223,5
C003,2025-01-16,2025-01-16 10:45:00,2025-01-16 20:21:59.885200709,1,0,0,9.616634777974994,21.03094515138889,6
C003,2025-01-17,2025-01-17 21:15:00,2025-01-18 04:08:37.962076653,3,1,0,6.893878354625851,24.883365221944445,7
C003,2025-01-18,2025-01-18 19:15:00,2025-01-19 04:01:47.146351744,1,1,0,8.779762875484483,15.10612164527778,8
C003,2025-01-19,2025-01-19 09:15:00,2025-01-19 17:43:59.601855678,1,0,0,8.483222737688365,5.220237124444444,9
C003,2025-01-21,2025-01-21 16:45:00,2025-01-22 00:35:25.715889363,3,1,0,7.840476635934288,34.0,1
C003,2025-01-23,2025-01-23 04:30:00,2025-01-23 14:05:13.753102646,3,0,1,9.587153639624047,52.0,1
C003,2025-01-24,2025-01-24 10:00:00,2025-01-24 16:09:48.508074237,2,0,0,6.1634744650659155,19.91284636027778,2
C003,2025-01-25,2025-01-25 04:00:00,2025-01-25 12:11:41.500452586,1,0,1,8.194861236829635,11.836525534722222,3
C003,2025-01-26,2025-01-26 00:00:00,2025-01-26 07:00:24.604350154,3,1,1,7.006834541709714,11.805138763055556,4
C003,2025-01-28,2025-01-28 15:30:00,2025-01-29 00:59:39.532187137,4,1,0,9.494314496427108,40.0,1
C003,2025-01-29,2025-01-29 18:45:00,2025-01-30 02:32:30.603288358,3,1,0,7.7918342467662915,17.755685503333336,2
C003,2025-01-30,2025-01-30 01:30:00,2025-01-30 08:44:11.434355018,2,1,1,7.236509543060592,-1.0418342469444444,3
C003,2025-01-31,2025-01-31 23:30:00,2025-02-01 05:56:35.582192587,3,1,0,6.4432172757186805,38.763490456666666,4
C003,2025-02-01,2025-02-01 20:00:00,2025-02-02 03:35:46.825640865,2,1,0,7.596340455795946,14.056782724166666,5
C003,2025-02-02,2025-02-02 16:45:00,2025-02-03 01:41:58.634967750,2,1,0,8.949620824375277,13.153659544166667,6
C003,2025-02-03,2025-02-03 23:45:00,2025-02-04 06:43:56.971403521,1,1,0,6.982492056533744,22.050379175555555,7
C003,2025-02-04,2025-02-04 11:00:00,2025-02-04 18:25:13.501967221,1,0,0,7.420417213117219,4.267507943333333,8
C003,2025-02-05,2025-02-05 13:45:00,2025-02-05 22:05:50.512099500,4,0,0,8.347364472083516,19.329582786666666,9
C003,2025-02-06,2025-02-06 04:45:00,2025-02-06 12:05:59.234407755,2,0,1,7.349787335487672,6.652635527777778,10
C003,2025-02-07,2025-02-07 06:00:00,2025-02-07 15:56:45.819582618,1,0,0,9.94606099517192,17.900212664444446,11
C003,2025-02-08,2025-02-08 05:45:00,2025-02-08 13:12:41.138203306,4,0,1,7.461427278696231,13.803939004722222,12
C003,2025-02-09,2025-02-09 05:30:00,2025-02-09 12:11:36.579772244,1,0,1,6.693494381179019,16.28857272111111,13
C003,2025-02-11,2025-02-11 11:15:00,2025-02-11 21:14:20.479700664,2,0,0,9.989022139073578,43.0,1
C003,2025-02-12,2025-02-12 01:15:00,2025-02-12 09:12:00.483573205,4,1,1,7.950134325890285,4.010977860833333,2
C003,2025-02-13,2025-02-13 19:45:00,2025-02-14 03:25:13.039244550,2,1,0,7.670288679041789,34.54986567388889,3
C003,2025-02-14,2025-02-14 23:45:00,2025-02-15 08:39:14.335918245,3,1,0,8.903982199512702,20.329711320833333,4
C003,2025-02-16,2025-02-16 08:45:00,2025-02-16 17:11:32.928611159,2,0,0,8.44248016976653,60.0,1
C003,2025-02-17,2025-02-17 00:00:00,2025-02-17 07:03:54.643914371,2,1,1,7.065178865103172,6.80751983,2
C003,2025-02-18,2025-02-18 06:15:00,2025-02-18 14:26:44.476510401,1,0,0,8.195687919555908,23.184821134722224,3
C003,2025-02-19,2025-02-19 06:00:00,2025-02-19 14:43:33.639200024,1,0,0,8.726010888895717,15.554312080277777,4
C003,2025-02-20,2025-02-20 14:30:00,2025-02-20 23:40:37.768079517,1,0,0,9.17715779986585,23.773989110833334,5
C003,2025-02-21,2025-02-21 19:45:00,2025-02-22 02:07:22.410013643,3,1,0,6.372891670456634,20.0728422,6
C003,2025-02-22,2025-02-22 06:45:00,2025-02-22 16:27:20.871699691,2,0,0,9.705797694358845,4.627108329444444,7
C003,2025-02-24,2025-02-24 22:15:00,2025-02-25 04:51:17.575056515,3,1,0,6.604881960143233,44.0,1
C003,2025-02-26,2025-02-26 11:15:00,2025-02-26 18:30:53.230785069,1,0,0,7.264786329185979,41.0,1
C003,2025-02-27,2025-02-27 10:00:00,2025-02-27 18:29:47.062236218,3,0,0,8.496406176727351,15.485213670555556,2
C003,2025-02-28,2025-02-28 08:30:00,2025-02-28 18:05:53.873855153,2,0,0,9.598298293098274,14.003593823055557,3
C003,2025-03-01,2025-03-01 02:15:00,2025-03-01 09:20:08.515036416,2,1,1,7.085698621226818,8.151701706666667,4
C004,2025-01-01,2025-01-01 19:30:00,2025-01-02 01:55:04.138384764,3,1,0,6.417816217990162,52.0,1
C004,2025-01-02,2025-01-02 20:15:00,2025-01-03 04:36:56.849881224,1,1,0,8.365791633673592,18.332183781944444,2
C004,2025-01-03,2025-01-03 06:45:00,2025-01-03 13:19:21.042991897,2,0,0,6.572511942193879,2.134208366111111,3
C004,2025-01-04,2025-01-04 08:00:00,2025-01-04 14:24:41.990842715,3,0,0,6.41166412297658,18.677488057777776,4
C004,2025-01-05,2025-01-05 11:00:00,2025-01-05 18:35:20.936984069,4,0,0,7.589149162241469,20.58833587694444,5
C004,2025-01-08,2025-01-08 20:45:00,2025-01-09 04:49:54.643200244,2,1,0,8.0818453334013,66.0,1
C004,2025-01-09,2025-01-09 23:15:00,2025-01-10 07:58:31.266062403,2,1,0,8.725351684000884,18.41815466638889,2
C004,2025-01-10,2025-01-10 15:00:00,2025-01-10 23:01:24.796975936,1,0,0,8.023554715537864,7.024648315833334,3
C004,2025-01-12,2025-01-12 00:45:00,2025-01-12 08:35:41.995544476,3,1,1,7.844998762354591,65.0,1
C004,2025-01-13,2025-01-13 16:00:00,2025-01-13 23:41:47.481666754,2,0,0,7.696522685209544,31.405001237500002,2
C004,2025-01-14,2025-01-14 02:00:00,2025-01-14 08:14:44.237629289,1,1,1,6.245621563691468,2.303477314722222,3
C004,2025-01-17,2025-01-17 13:45:00,2025-01-17 21:49:31.268022615,3,0,0,8.075352228504288,44.0,1
C004,2025-01-18,2025-01-18 19:00:00,2025-01-19 03:24:30.817244858,2,1,0,8.408560345794035,21.17464777138889,2
C004,2025-01-19,2025-01-19 16:15:00,2025-01-20 01:42:14.661224826,2,1,0,9.454072562451827,12.841439654166667,3
C004,2025-01-20,2025-01-20 08:30:00,2025-01-20 16:50:53.782427566,4,0,0,8.34827289654627,6.7959274375,4
C004,2025-01-21,2025-01-21 04:15:00,2025-01-21 12:14:36.495927448,1,0,1,7.993471090957919,11.401727103333334,5
C004,2025-01-22,2025-01-22 13:15:00,2025-01-22 20:07:49.399882767,1,0,0,6.880388856324388,25.00652890888889,6
C004,2025-01-23,2025-01-23 00:15:00,2025-01-23 06:32:50.371639822,2,1,1,6.2973254555062255,4.119611143611111,7
C004,2025-01-25,2025-01-25 08:15:00,2025-01-25 15:29:23.091738268,3,0,0,7.239747705074444,42.0,1
C004,2025-01-26,2025-01-26 08:15:00,2025-01-26 14:23:46.315217012,4,0,0,6.14619867139238,16.76025229472222,2
C004,2025-01-27,2025-01-27 05:15:00,2025-01-27 14:06:22.452476973,2,0,1,8.856236799159312,14.853801328333333,3
C004,2025-01-28,2025-01-28 13:45:00,2025-01-28 22:48:41.130447353,1,0,0,9.061425124264963,23.643763200833334,4
C004,2025-01-29,2025-01-29 06:15:00,2025-01-29 13:44:35.654154428,3,0,0,7.493237265119012,7.438574875555555,5
C004,2025-01-30,2025-01-30 14:45:00,2025-01-31 00:39:56.612672869,2,1,0,9.915725742463845,25.006762734722223,6
C004,2025-01-31,2025-01-31 16:45:00,2025-01-31 23:38:16.399131834,3,0,0,6.887888647731797,16.0842742575,7
C004,2025-02-01,2025-02-01 05:00:00,2025-02-01 12:21:25.505940905,3,0,1,7.357084983584764,5.362111352222223,8
C004,2025-02-02,2025-02-02 15:45:00,2025-02-02 22:08:51.956055734,4,0,0,6.397765571037381,27.39291501638889,9
C004,2025-02-03,2025-02-03 02:45:00,2025-02-03 10:40:31.075093595,1,1,1,7.92529863710975,4.602234428888889,10
C004,2025-02-05,2025-02-05 09:30:00,2025-02-05 15:33:07.227698554,1,0,0,6.052007694042944,46.0,1
C004,2025-02-06,2025-02-06 06:45:00,2025-02-06 15:04:55.798477963,2,0,0,8.332166243878769,15.197992305833333,2
C004,2025-02-07,2025-02-07 21:30:00,2025-02-08 04:30:27.351257218,2,1,0,7.007597571449505,30.41783375611111,3
C004,2025-02-08,2025-02-08 04:45:00,2025-02-08 12:07:50.766886290,2,0,1,7.380768579525102,0.24240242833333334,4
C004,2025-02-09,2025-02-09 02:15:00,2025-02-09 10:08:48.863810127,4,1,1,7.896906613924314,14.119231420277778,5
C004,2025-02-11,2025-02-11 14:00:00,2025-02-11 23:11:57.915685641,2,0,0,9.199421023789261,40.0,1
C004,2025-02-12,2025-02-12 16:15:00,2025-02-12 23:16:53.582670238,2,0,0,7.03155074173281,17.05057897611111,2
C004,2025-02-13,2025-02-13 01:15:00,2025-02-13 09:03:04.120568901,3,1,1,7.801144602472771,1.9684492580555555,3
C004,2025-02-14,2025-02-14 22:00:00,2025-02-15 06:26:42.587826746,2,1,0,8.445163285207371,36.948855397500004,4
C004,2025-02-16,2025-02-16 14:15:00,2025-02-16 20:40:34.733713852,1,0,0,6.426314920514697,50.0,1
C004,2025-02-17,2025-02-17 01:00:00,2025-02-17 08:12:03.721395122,1,1,1,7.201033720867307,4.323685079444444,2
C004,2025-02-19,2025-02-19 09:30:00,2025-02-19 16:09:54.480510087,1,0,0,6.665133475024318,59.0,1
C004,2025-02-20,2025-02-20 06:45:00,2025-02-20 13:54:17.189809498,4,0,0,7.1547749470827995,14.584866524722221,2
C004,2025-02-21,2025-02-21 10:30:00,2025-02-21 20:17:50.017877631,3,0,0,9.797227188231062,20.595225052777778,3
C004,2025-02-22,2025-02-22 04:30:00,2025-02-22 11:34:46.721602447,4,0,1,7.07964488956878,8.202772811666668,4
C004,2025-02-24,2025-02-24 20:15:00,2025-02-25 04:02:25.902768302,1,1,0,7.790528546750668,49.0,1
C004,2025-02-25,2025-02-25 15:00:00,2025-02-25 23:54:45.918089331,1,0,0,8.912755024814413,10.959471453055556,2
C004,2025-02-26,2025-02-26 14:15:00,2025-02-26 20:33:13.441109322,1,0,0,6.303733641478488,14.337244975,3
C004,2025-02-28,2025-02-28 06:30:00,2025-02-28 13:45:30.190418055,3,0,0,7.258386227237644,40.0,1
C004,2025-03-01,2025-03-01 15:30:00,2025-03-02 00:32:00.850760817,1,1,0,9.033569655782726,25.7416137725,2
C005,2025-01-01,2025-01-01 23:15:00,2025-01-02 08:11:30.229441943,1,1,0,8.941730400539964,35.0,1
C005,2025-01-03,2025-01-03 02:45:00,2025-01-03 08:50:17.991151512,3,1,1,6.0883308754202,40.0,1
C005,2025-01-05,2025-01-05 01:30:00,2025-01-05 07:44:27.762567262,1,1,1,6.241045157572929,71.0,1
C005,2025-01-07,2025-01-07 23:30:00,2025-01-08 05:39:52.732238181,2,1,0,6.1646478439394246,65.0,1
C005,2025-01-08,2025-01-08 20:00:00,2025-01-09 03:40:55.313695237,2,1,0,7.682031582010542,14.335352155833334,2
C005,2025-01-09,2025-01-09 14:30:00,2025-01-09 22:07:04.590475418,3,0,0,7.6179417987274025,10.817968417777779,3
C005,2025-01-10,2025-01-10 13:15:00,2025-01-10 20:31:30.036042221,1,0,0,7.27501001172828,15.132058201111112,4
C005,2025-01-11,2025-01-11 09:15:00,2025-01-11 15:20:51.371254414,2,0,0,6.0976031262261525,12.724989988055556,5
C005,2025-01-13,2025-01-13 10:15:00,2025-01-13 16:31:48.427762763,4,0,0,6.280118822989884,52.0,1
C005,2025-01-14,2025-01-14 12:45:00,2025-01-14 20:40:08.851106733,4,0,0,7.919125307426019,20.219881176944444,2
C005,2025-01-15,2025-01-15 16:45:00,2025-01-16 00:05:43.734679129,1,1,0,7.345481855313688,20.0808746925,3
C005,2025-01-16,2025-01-16 04:15:00,2025-01-16 11:40:06.559070027,2,0,1,7.418488630563106,4.154518144444444,4
C005,2025-01-17,2025-01-17 04:00:00,2025-01-17 11:06:32.625298033,2,0,1,7.109062582787095,16.331511369166666,5
C005,2025-01-20,2025-01-20 06:00:00,2025-01-20 15:47:59.441048883,1,0,0,9.799844735800901,66.0,1
C005,2025-01-21,2025-01-21 02:30:00,2025-01-21 10:23:22.070560498,2,1,1,7.88946404458282,10.700155264166666,2
C005,2025-01-22,2025-01-22 06:00:00,2025-01-22 13:36:22.755404527,3,0,0,7.60632094570195,19.61053595527778,3
C005,2025-01-23,2025-01-23 23:15:00,2025-01-24 05:56:31.233966551,1,1,0,6.692009435153276,33.64367905416667,4
C005,2025-01-26,2025-01-26 12:30:00,2025-01-26 21:01:08.802091144,1,0,0,8.519111691984612,32.0,1
C005,2025-01-27,2025-01-27 00:30:00,2025-01-27 07:01:13.680249250,2,1,1,6.520466735903055,3.4808883077777777,2
C005,2025-01-28,2025-01-28 02:15:00,2025-01-28 09:52:53.998499932,1,1,1,7.631666249981236,19.229533263888886,3
C005,2025-01-30,2025-01-30 12:00:00,2025-01-30 18:21:57.410458527,4,0,0,6.3659473495910195,26.0,1
C005,2025-01-31,2025-01-31 10:45:00,2025-01-31 20:34:21.381574508,2,0,0,9.822605992919014,16.384052650277777,2
C005,2025-02-01,2025-02-01 22:15:00,2025-02-02 06:27:20.296668853,4,1,0,8.205637963570357,25.677394006944443,3
C005,2025-02-02,2025-02-02 06:15:00,2025-02-02 15:08:37.249637115,2,0,0,8.893680454754339,-0.20563796361111109,4
C005,2025-02-05,2025-02-05 04:00:00,2025-02-05 10:14:45.845177844,4,0,1,6.24606810495694,52.0,1
C005,2025-02-06,2025-02-06 15:30:00,2025-02-07 00:12:43.432596850,1,1,0,8.712064610236254,29.253931894999997,2
C005,2025-02-07,2025-02-07 02:45:00,2025-02-07 10:29:10.757789171,1,1,1,7.736321608103093,2.537935389722222,3
C005,2025-02-10,2025-02-10 04:30:00,2025-02-10 13:13:14.027113348,3,0,1,8.720563087041201,61.0,1
C005,2025-02-12,2025-02-12 00:30:00,2025-02-12 06:33:30.580437848,2,1,1,6.058494566069118,33.0,1
C005,2025-02-13,2025-02-13 06:45:00,2025-02-13 13:23:34.942503095,2,0,0,6.643039584193232,24.19150543388889,2
C005,2025-02-14,2025-02-14 14:00:00,2025-02-14 20:46:21.113250057,2,0,0,6.772531458349173,24.606960415555555,3
C005,2025-02-15,2025-02-15 15:45:00,2025-02-15 22:47:21.171567323,4,0,0,7.039214324256639,18.977468541388888,4
C005,2025-02-16,2025-02-16 23:30:00,2025-02-17 06:21:00.103841268,2,1,0,6.850028844796745,24.710785675555552,5
C005,2025-02-17,2025-02-17 21:15:00,2025-02-18 05:08:52.316445846,1,1,0,7.8978656794018445,14.899971155000001,6
C005,2025-02-19,2025-02-19 19:45:00,2025-02-20 04:35:30.817193168,1,1,0,8.841893664769014,35.0,1
C005,2025-02-21,2025-02-21 15:15:00,2025-02-21 21:25:58.685286900,2,0,0,6.182968135250052,70.0,1
C005,2025-02-22,2025-02-22 20:45:00,2025-02-23 04:31:59.475279668,3,1,0,7.783187577685636,23.31703186472222,2
C005,2025-02-24,2025-02-24 10:30:00,2025-02-24 17:30:36.125995512,2,0,0,7.010034998753529,57.0,1
C005,2025-02-25,2025-02-25 00:00:00,2025-02-25 06:12:15.794061794,3,1,1,6.204387239387438,6.489965001111112,2
C005,2025-02-26,2025-02-26 20:15:00,2025-02-27 02:54:44.311818118,3,1,0,6.662308838366281,38.04561276055556,3
C005,2025-02-27,2025-02-27 20:15:00,2025-02-28 04:51:14.986683348,4,1,0,8.604162967596878,17.33769116138889,4
C005,2025-03-01,2025-03-01 00:15:00,2025-03-01 07:31:37.386823181,3,1,1,7.277051895328171,28.0,1
C006,2025-01-01,2025-01-01 13:00:00,2025-01-01 19:55:11.346324831,3,0,0,6.919818423564345,48.0,1
C006,2025-01-02,2025-01-02 15:00:00,2025-01-02 21:38:13.138631221,1,0,0,6.636982953117058,19.08018157638889,2
C006,2025-01-05,2025-01-05 14:45:00,2025-01-05 23:15:17.572631492,4,0,0,8.504881286525661,47.0,1
C006,2025-01-06,2025-01-06 16:30:00,2025-01-06 22:30:17.738426396,1,0,0,6.004927340665704,17.245118713333333,2
C006,2025-01-07,2025-01-07 04:00:00,2025-01-07 10:48:07.556064484,4,0,1,6.802098906801347,5.4950726591666665,3
C006,2025-01-09,2025-01-09 15:45:00,2025-01-09 23:28:58.753185191,1,0,0,7.732986995886622,40.0,1
C006,2025-01-12,2025-01-12 13:00:00,2025-01-12 20:09:59.941133413,1,0,0,7.166650314837213,56.0,1
C006,2025-01-13,2025-01-13 02:45:00,2025-01-13 09:42:39.650020256,1,1,1,6.961013894515657,6.583349685,2
C006,2025-01-14,2025-01-14 02:15:00,2025-01-14 09:14:51.994704849,4,1,1,6.997776306902712,16.53898610527778,3
C006,2025-01-15,2025-01-15 09:15:00,2025-01-15 16:33:21.042838713,1,0,0,7.305845232975967,24.002223693055555,4
C006,2025-01-17,2025-01-17 05:15:00,2025-01-17 12:50:15.695177302,2,0,1,7.587693104806384,62.0,1
C006,2025-01-19,2025-01-19 19:00:00,2025-01-20 01:30:08.811888397,4,1,0,6.502447746777209,34.0,1
C006,2025-01-21,2025-01-21 16:45:00,2025-01-21 22:57:28.386484581,1,0,0,6.20788513460589,35.0,1
C006,2025-01-22,2025-01-22 23:30:00,2025-01-23 07:51:00.965440169,3,1,0,8.350268177824844,24.542114865277778,2
C006,2025-01-23,2025-01-23 21:15:00,2025-01-24 05:02:32.739316424,2,1,0,7.792427587895791,13.399731821944444,3
C006,2025-01-24,2025-01-24 05:15:00,2025-01-24 13:00:15.943917449,2,0,1,7.754428865958154,0.20757241194444442,4
C006,2025-01-25,2025-01-25 18:15:00,2025-01-26 02:51:55.262519195,3,1,0,8.615350699776606,29.245571133888888,5
C006,2025-01-26,2025-01-26 15:00:00,2025-01-27 00:29:14.392017212,3,1,0,9.487331115892484,12.134649300000001,6
C006,2025-01-30,2025-01-30 15:30:00,2025-01-31 01:23:57.021534913,4,1,0,9.899172648587133,33.0,1
C006,2025-01-31,2025-01-31 05:00:00,2025-01-31 11:07:21.396031763,3,0,1,6.122610008823225,3.600827351388889,2
C006,2025-02-01,2025-02-01 02:45:00,2025-02-01 09:34:54.533036257,4,1,1,6.831814732293882,15.627389991111112,3
C006,2025-02-02,2025-02-02 23:45:00,2025-02-03 08:42:46.615288349,2,1,0,8.962948691208172,38.16818526750001,4
C006,2025-02-03,2025-02-03 11:15:00,2025-02-03 17:22:03.280018893,4,0,0,6.117577783026029,2.5370513086111113,5
C006,2025-02-04,2025-02-04 11:15:00,2025-02-04 18:56:12.781346977,3,0,0,7.686883707493822,17.882422216944445,6
C006,2025-02-05,2025-02-05 02:45:00,2025-02-05 09:59:45.359401657,1,1,1,7.245933167126966,7.8131162925,7
C006,2025-02-06,2025-02-06 05:45:00,2025-02-06 12:28:07.436767731,2,0,1,6.718732435480968,19.754066832777777,8
C006,2025-02-07,2025-02-07 04:00:00,2025-02-07 10:16:35.512121087,2,0,1,6.276531144746478,15.531267564444445,9
C006,2025-02-09,2025-02-09 14:15:00,2025-02-09 21:41:12.960519356,3,0,0,7.436933477599062,29.0,1
C006,2025-02-10,2025-02-10 09:00:00,2025-02-10 18:25:55.002056486,3,0,0,9.431945015690824,11.313066522222222,2
C006,2025-02-11,2025-02-11 11:30:00,2025-02-11 21:22:45.423049131,3,0,0,9.87928418031418,17.068054984166668,3
C006,2025-02-12,2025-02-12 05:00:00,2025-02-12 12:19:24.806827044,2,0,1,7.323557451956688,7.620715819444444,4
C006,2025-02-13,2025-02-13 04:30:00,2025-02-13 11:29:41.485525261,4,0,1,6.99485709035052,16.17644254777778,5
C006,2025-02-14,2025-02-14 04:30:00,2025-02-14 12:55:19.749470086,1,0,1,8.422152630579532,17.005142909444444,6
C006,2025-02-15,2025-02-15 21:30:00,2025-02-16 04:50:20.781382335,3,1,0,7.339105939537757,32.57784736916667,7
C006,2025-02-16,2025-02-16 11:15:00,2025-02-16 18:19:44.394405844,1,0,0,7.078998446067958,6.410894060277777,8
C006,2025-02-17,2025-02-17 00:30:00,2025-02-17 07:46:48.021361225,2,1,1,7.280005933673827,6.171001553888889,9
C006,2025-02-21,2025-02-21 21:45:00,2025-02-22 06:42:35.605327955,3,1,0,8.95989036887654,66.0,1
C006,2025-02-23,2025-02-23 02:30:00,2025-02-23 09:24:34.126960563,3,1,1,6.909479711267718,46.0,1
C006,2025-02-24,2025-02-24 05:45:00,2025-02-24 12:58:54.191158913,2,0,1,7.231719766364764,20.34052028861111,2
C006,2025-02-26,2025-02-26 00:00:00,2025-02-26 07:27:41.972219070,4,1,1,7.461658949741753,61.0,1
C006,2025-02-27,2025-02-27 05:30:00,2025-02-27 14:08:47.505845344,2,0,1,8.646529401484587,22.03834105,2
C006,2025-02-28,2025-02-28 05:45:00,2025-02-28 14:13:17.000258897,3,0,1,8.471388960804855,15.603470598333333,3
C006,2025-03-01,2025-03-01 04:00:00,2025-03-01 12:45:29.185214854,1,0,1,8.758107004126245,13.778611039166666,4
C007,2025-01-02,2025-01-02 12:15:00,2025-01-02 20:33:31.467408649,4,0,0,8.308740946846992,25.0,1
C007,2025-01-03,2025-01-03 04:00:00,2025-01-03 13:27:56.716812398,4,0,1,9.46575467011058,7.441259053055555,2
C007,2025-01-04,2025-01-04 06:45:00,2025-01-04 15:42:13.668613219,2,0,0,8.953796837005306,17.28424532972222,3
C007,2025-01-05,2025-01-05 13:15:00,2025-01-05 21:00:09.681788332,2,0,0,7.752689385647951,21.54620316277778,4
C007,2025-01-06,2025-01-06 08:15:00,2025-01-06 14:43:51.010397336,3,0,0,6.480836221482434,11.247310614166667,5
C007,2025-01-08,2025-01-08 14:30:00,2025-01-08 22:45:13.520553817,4,0,0,8.253755709393836,52.0,1
C007,2025-01-09,2025-01-09 04:15:00,2025-01-09 12:01:39.640119617,2,0,1,7.777677811004806,5.4962442905555555,2
C007,2025-01-10,2025-01-10 05:15:00,2025-01-10 13:43:40.660982538,1,0,1,8.477961384038458,17.22232218888889,3
C007,2025-01-11,2025-01-11 01:00:00,2025-01-11 07:57:30.109518934,1,1,1,6.958363755259462,11.272038615833333,4
C007,2025-01-12,2025-01-12 09:30:00,2025-01-12 17:36:23.382680673,4,0,0,8.106495189075838,25.54163624472222,5
C007,2025-01-13,2025-01-13 14:15:00,2025-01-13 23:30:06.994637511,4,0,0,9.251942954864374,20.64350481083333,6
C007,2025-01-14,2025-01-14 06:45:00,2025-01-14 14:28:24.414118147,3,0,0,7.723448366152134,7.248057045,7
C007,2025-01-16,2025-01-16 20:00:00,2025-01-17 02:10:50.887815127,1,1,0,6.180802170868683,45.0,1
C007,2025-01-19,2025-01-19 10:15:00,2025-01-19 18:34:25.421566984,4,0,0,8.32372821305119,53.0,1
C007,2025-01-20,2025-01-20 11:15:00,2025-01-20 20:32:33.705824577,3,0,0,9.29269606238264,16.676271786944444,2
C007,2025-01-22,2025-01-22 18:15:00,2025-01-23 01:57:06.971971992,4,1,0,7.70193665888671,59.0,1
C007,2025-01-23,2025-01-23 05:45:00,2025-01-23 13:57:03.262207050,1,0,1,8.200906168625046,3.7980633411111113,2
C007,2025-01-24,2025-01-24 02:00:00,2025-01-24 09:16:33.493481711,2,1,1,7.275970411586595,12.049093831111112,3
C007,2025-01-25,2025-01-25 19:00:00,2025-01-26 01:31:27.553182535,1,1,0,6.524320328482132,33.72402958833333,4
C007,2025-01-26,2025-01-26 18:00:00,2025-01-27 00:42:38.202036924,4,1,0,6.710611676923446,16.47567967138889,5
C007,2025-01-27,2025-01-27 21:00:00,2025-01-28 05:00:51.386430930,2,1,0,8.014274008591844,20.289388323055558,6
C007,2025-01-28,2025-01-28 06:30:00,2025-01-28 14:50:47.161869726,1,0,0,8.346433852701896,1.485725991388889,7
C007,2025-01-29,2025-01-29 02:15:00,2025-01-29 09:19:14.578333267,4,1,1,7.070716203685322,11.403566147222222,8
C007,2025-01-30,2025-01-30 06:15:00,2025-01-30 14:26:12.442743082,1,0,0,8.18678965085628,20.92928379611111,9
C007,2025-01-31,2025-01-31 16:30:00,2025-02-01 02:27:04.111491094,3,1,0,9.95114208085955,26.063210348888887,10
C007,2025-02-01,2025-02-01 13:00:00,2025-02-01 20:46:59.389169912,1,0,0,7.783163658308916,10.548857918888888,11
C007,2025-02-03,2025-02-03 21:15:00,2025-02-04 05:25:22.859224990,4,1,0,8.173016451386223,62.0,1
C007,2025-02-04,2025-02-04 12:30:00,2025-02-04 22:04:36.348595163,1,0,0,9.576763498656472,7.0769835486111115,2
C007,2025-02-05,2025-02-05 04:00:00,2025-02-05 12:28:07.043280897,1,0,1,8.468623133582588,5.923236501111111,3
C007,2025-02-06,2025-02-06 21:00:00,2025-02-07 03:42:04.090484632,4,1,0,6.701136245731299,32.53137686638889,4
C007,2025-02-07,2025-02-07 23:15:00,2025-02-08 05:56:32.955242863,3,1,0,6.692487567462036,19.548863754166668,5
C007,2025-02-10,2025-02-10 10:15:00,2025-02-10 19:10:21.367347445,4,0,0,8.922602040956985,31.0,1
C007,2025-02-11,2025-02-11 04:30:00,2025-02-11 11:12:04.362369950,3,0,1,6.701211769430639,9.32739795888889,2
C007,2025-02-13,2025-02-13 04:45:00,2025-02-13 14:02:14.012792175,1,0,1,9.287225775604348,39.0,1
C007,2025-02-14,2025-02-14 23:45:00,2025-02-15 06:27:14.134484038,3,1,0,6.703926245566361,33.712774224166665,2
C007,2025-02-16,2025-02-16 00:00:00,2025-02-16 07:41:02.639719510,4,1,1,7.6840665887528425,29.0,1
C007,2025-02-17,2025-02-17 18:45:00,2025-02-18 02:34:31.653256725,2,1,0,7.8254592379793735,35.06593341111111,2
C007,2025-02-22,2025-02-22 09:00:00,2025-02-22 18:44:52.192651647,1,0,0,9.747831292124252,34.0,1
C007,2025-02-23,2025-02-23 11:15:00,2025-02-23 20:44:36.047928823,3,0,0,9.493346646895391,16.502168707777777,2
C007,2025-02-24,2025-02-24 12:45:00,2025-02-24 20:18:51.015788037,3,0,0,7.564171052232698,16.006653353055555,3
C007,2025-02-25,2025-02-25 10:15:00,2025-02-25 18:56:49.974812290,2,0,0,8.697215225636194,13.935828947500001,4
C007,2025-02-26,2025-02-26 06:00:00,2025-02-26 13:13:07.379603011,3,0,0,7.218716556392163,11.052784774166666,5
C007,2025-02-27,2025-02-27 05:15:00,2025-02-27 12:08:40.047856746,4,0,1,6.894457737985245,16.031283443333333,6
C007,2025-02-28,2025-02-28 01:15:00,2025-02-28 07:30:54.177643741,1,1,1,6.265049345483697,13.105542261944445,7
C007,2025-03-01,2025-03-01 13:45:00,2025-03-01 23:04:02.386634034,3,0,0,9.317329620565134,30.234950654444447,8
C008,2025-01-01,2025-01-01 22:45:00,2025-01-02 05:51:09.371760748,1,1,0,7.102603266874594,57.0,1
C008,2025-01-02,2025-01-02 04:45:00,2025-01-02 12:56:53.225316888,4,0,1,8.198118143580068,-1.1026032669444443,2
C008,2025-01-03,2025-01-03 11:45:00,2025-01-03 19:30:28.968316313,3,0,0,7.758046754531641,22.80188185638889,3
C008,2025-01-04,2025-01-04 05:30:00,2025-01-04 13:54:36.765559337,3,0,1,8.41021265537146,9.991953245277777,4
C008,2025-01-05,2025-01-05 09:15:00,2025-01-05 17:05:21.126102278,2,0,0,7.83920169507728,19.339787344444446,5
C008,2025-01-06,2025-01-06 06:30:00,2025-01-06 16:26:04.976523793,1,0,0,9.934715701053655,13.410798304722222,6
C008,2025-01-09,2025-01-09 04:30:00,2025-01-09 12:32:15.678645356,4,0,1,8.037688512599159,40.0,1
C008,2025-01-10,2025-01-10 04:45:00,2025-01-10 13:14:44.100042599,2,0,1,8.495583345166555,16.212311487222223,2
C008,2025-01-11,2025-01-11 06:00:00,2025-01-11 13:47:56.898943027,3,0,0,7.7991385952852905,16.754416654722224,3
C008,2025-01-12,2025-01-12 14:15:00,2025-01-12 23:11:04.047080084,1,0,0,8.934457522245609,24.450861404444446,4
C008,2025-01-14,2025-01-14 13:00:00,2025-01-14 22:09:40.863396386,2,0,0,9.161350943440592,46.0,1
C008,2025-01-16,2025-01-16 04:00:00,2025-01-16 13:20:13.968469748,1,0,1,9.33721346381907,41.0,1
C008,2025-01-19,2025-01-19 12:30:00,2025-01-19 21:52:38.741991450,1,0,0,9.377428330958464,49.0,1
C008,2025-01-21,2025-01-21 05:00:00,2025-01-21 12:54:14.661062910,1,0,1,7.904072517475067,52.0,1
C008,2025-01-22,2025-01-22 22:45:00,2025-01-23 05:08:57.966045123,1,1,0,6.3994350125342905,33.845927482499995,2
C008,2025-01-23,2025-01-23 01:00:00,2025-01-23 07:52:30.742493198,1,1,1,6.875206248110784,-4.1494350127777775,3
C008,2025-01-24,2025-01-24 04:30:00,2025-01-24 13:48:01.903621373,2,0,1,9.300528783714816,20.624793751666665,4
C008,2025-01-25,2025-01-25 08:45:00,2025-01-25 17:12:20.643620544,3,0,0,8.455734339040248,18.94947121611111,5
C008,2025-01-26,2025-01-26 04:45:00,2025-01-26 12:31:23.132459188,1,0,1,7.773092349774473,11.544265660833332,6
C008,2025-01-28,2025-01-28 20:45:00,2025-01-29 02:57:49.572659864,1,1,0,6.213770183295776,28.0,1
C008,2025-01-29,2025-01-29 11:30:00,2025-01-29 18:53:55.726508340,3,0,0,7.398812918983398,8.536229816666665,2
C008,2025-01-30,2025-01-30 06:00:00,2025-01-30 13:38:54.685395783,2,0,0,7.648523721051086,11.101187080833334,3
C008,2025-01-31,2025-01-31 05:45:00,2025-01-31 11:50:01.607438845,4,0,1,6.083779844123651,16.10147627888889,4
C008,2025-02-01,2025-02-01 15:15:00,2025-02-01 23:44:55.155391501,3,0,0,8.498654275417055,27.416220155833333,5
C008,2025-02-04,2025-02-04 18:30:00,2025-02-05 03:22:46.126395220,2,1,0,8.879479554227787,33.0,1
C008,2025-02-05,2025-02-05 15:00:00,2025-02-05 21:27:20.975539886,1,0,0,6.455826538857268,11.620520445555556,2
C008,2025-02-06,2025-02-06 09:30:00,2025-02-06 16:00:44.578747673,1,0,0,6.5123829854648,12.04417346111111,3
C008,2025-02-07,2025-02-07 04:15:00,2025-02-07 11:45:14.297615154,4,0,1,7.503971559765246,12.237617014444444,4
C008,2025-02-08,2025-02-08 05:45:00,2025-02-08 15:27:47.772473019,4,0,1,9.713270131394308,17.99602844,5
C008,2025-02-09,2025-02-09 04:45:00,2025-02-09 11:53:37.057765043,2,0,1,7.14362715695664,13.286729868333333,6
C008,2025-02-10,2025-02-10 18:00:00,2025-02-11 01:37:55.379055173,1,1,0,7.632049737548255,30.106372842777777,7
C008,2025-02-12,2025-02-12 23:45:00,2025-02-13 08:04:45.632422197,4,1,0,8.329342339499174,34.0,1
C008,2025-02-13,2025-02-13 18:00:00,2025-02-14 02:48:43.791118168,1,1,0,8.812164199491356,9.920657660277778,2
C008,2025-02-16,2025-02-16 20:45:00,2025-02-17 03:12:07.301963266,1,1,0,6.452028323129632,45.0,1
C008,2025-02-17,2025-02-17 15:15:00,2025-02-17 23:41:51.943276857,3,0,0,8.447762021349323,12.047971676666666,2
C008,2025-02-20,2025-02-20 00:15:00,2025-02-20 06:34:12.515771672,2,1,1,6.3201432699091455,39.0,1
C008,2025-02-21,2025-02-21 20:45:00,2025-02-22 05:43:31.547474573,3,1,0,8.975429854048091,38.17985673,2
C008,2025-02-22,2025-02-22 20:00:00,2025-02-23 02:55:58.032444081,4,1,0,6.9327867900226625,14.274570145833334,3
C008,2025-02-23,2025-02-23 09:00:00,2025-02-23 16:25:17.537789074,1,0,0,7.421538274742957,6.0672132097222224,4
C008,2025-02-24,2025-02-24 05:45:00,2025-02-24 15:06:35.481316063,1,0,1,9.35985592112873,13.328461724999999,5
C008,2025-02-26,2025-02-26 21:30:00,2025-02-27 04:28:50.861456451,3,1,0,6.980794849014237,29.0,1
C008,2025-02-27,2025-02-27 02:45:00,2025-02-27 09:38:49.996542872,2,1,1,6.897221261909085,-1.7307948491666667,2
C008,2025-02-28,2025-02-28 12:15:00,2025-02-28 20:54:07.804864807,4,0,0,8.65216801800197,26.602778738055555,3
C009,2025-01-04,2025-01-04 14:15:00,2025-01-04 22:10:26.009614360,3,0,0,7.923891559544495,47.0,1
C009,2025-01-07,2025-01-07 05:30:00,2025-01-07 13:53:50.913105546,3,0,1,8.397475862651735,42.0,1
C009,2025-01-08,2025-01-08 05:45:00,2025-01-08 14:31:53.985335923,2,0,1,8.781662593312213,15.852524137222222,2
C009,2025-01-09,2025-01-09 06:45:00,2025-01-09 14:30:38.865570559,2,0,0,7.760795991821962,16.218337406666667,3
C009,2025-01-10,2025-01-10 09:00:00,2025-01-10 16:29:08.476826971,3,0,0,7.4856880074921825,18.489204008055555,4
C009,2025-01-11,2025-01-11 18:00:00,2025-01-12 02:47:57.623978510,1,1,0,8.799339994030673,25.514311992499998,5
C009,2025-01-12,2025-01-12 13:45:00,2025-01-12 23:42:52.220618226,3,0,0,9.964505727285214,10.950660005833333,6
C009,2025-01-13,2025-01-13 00:00:00,2025-01-13 06:22:08.229022562,2,1,1,6.368952506267279,0.28549427250000003,7
C009,2025-01-14,2025-01-14 04:15:00,2025-01-14 12:35:35.666101995,1,0,1,8.343240583887608,21.88104749361111,8
C009,2025-01-15,2025-01-15 02:15:00,2025-01-15 10:07:52.890564830,3,1,1,7.8813584902306815,13.656759416111111,9
C009,2025-01-16,2025-01-16 00:45:00,2025-01-16 07:40:24.476258009,1,1,1,6.923465627224765,14.618641509722222,10
C009,2025-01-17,2025-01-17 01:15:00,2025-01-17 08:30:44.428650888,3,1,1,7.262341291913413,17.5765343725,11
C009,2025-01-18,2025-01-18 00:00:00,2025-01-18 06:00:50.610267458,2,1,1,6.014058407627238,15.487658708055555,12
C009,2025-01-21,2025-01-21 00:15:00,2025-01-21 08:09:47.625271800,4,1,1,7.913229242166916,67.0,1
C009,2025-01-24,2025-01-24 15:45:00,2025-01-25 01:38:57.619000048,2,1,0,9.899338611124447,54.0,1
C009,2025-01-25,2025-01-25 21:45:00,2025-01-26 04:13:08.923487557,4,1,0,6.469145413210343,20.100661388611112,2
C009,2025-01-27,2025-01-27 12:00:00,2025-01-27 20:07:46.857824763,3,0,0,8.129682729100868,30.0,1
C009,2025-01-29,2025-01-29 20:30:00,2025-01-30 05:23:24.659889506,4,1,0,8.89018330264065,30.0,1
C009,2025-01-30,2025-01-30 23:15:00,2025-01-31 07:26:32.866421791,1,1,0,8.192462894942189,17.85981669722222,2
C009,2025-01-31,2025-01-31 19:00:00,2025-02-01 01:34:24.859575819,3,1,0,6.573572104394367,11.557537105,3
C009,2025-02-01,2025-02-01 00:00:00,2025-02-01 06:21:57.711198490,2,1,1,6.366030888469455,-1.5735721044444444,4
C009,2025-02-02,2025-02-02 16:30:00,2025-02-03 01:54:08.871232912,1,1,0,9.40246423136455,34.133969111388886,5
C009,2025-02-03,2025-02-03 05:30:00,2025-02-03 13:06:57.281419102,1,0,1,7.615911505306193,3.5975357686111114,6
C009,2025-02-04,2025-02-04 09:15:00,2025-02-04 15:34:36.844978753,2,0,0,6.3269013829871135,20.134088494444445,7
C009,2025-02-05,2025-02-05 05:00:00,2025-02-05 13:39:24.305968878,2,0,1,8.656751658021669,13.423098616944444,8
C009,2025-02-07,2025-02-07 14:45:00,2025-02-07 22:55:54.218919459,3,0,0,8.181727477627621,63.0,1
C009,2025-02-09,2025-02-09 02:45:00,2025-02-09 10:19:21.203035565,4,1,1,7.572556398768066,30.0,1
C009,2025-02-10,2025-02-10 11:15:00,2025-02-10 20:16:37.221681916,3,0,0,9.02700602275454,24.927443601111108,2
C009,2025-02-12,2025-02-12 01:00:00,2025-02-12 07:28:39.332721947,4,1,1,6.477592422763078,51.0,1
C009,2025-02-13,2025-02-13 04:30:00,2025-02-13 10:52:35.787505810,4,0,1,6.376607640502792,21.02240757722222,2
C009,2025-02-14,2025-02-14 10:45:00,2025-02-14 17:10:18.821279375,3,0,0,6.421894799826522,23.873392359444445,3
C009,2025-02-15,2025-02-15 10:30:00,2025-02-15 18:15:51.439078811,4,0,0,7.764288633003135,17.3281052,4
C009,2025-02-18,2025-02-18 22:30:00,2025-02-19 06:24:13.490109543,1,1,0,7.903747252650911,70.0,1
C009,2025-02-20,2025-02-20 11:15:00,2025-02-20 19:28:52.610763780,3,0,0,8.231280767716806,39.0,1
C009,2025-02-21,2025-02-21 01:15:00,2025-02-21 07:35:15.750288079,1,1,1,6.337708413355372,5.768719232222222,2
C009,2025-02-22,2025-02-22 04:45:00,2025-02-22 13:40:49.947379691,3,0,1,8.93054093880333,21.16229158638889,3
C009,2025-02-23,2025-02-23 23:45:00,2025-02-24 06:00:01.412117885,1,1,0,6.250392254968149,34.06945906111111,4
C009,2025-02-24,2025-02-24 08:30:00,2025-02-24 16:10:15.758101561,1,0,0,7.671043917100398,2.499607745,5
C009,2025-02-25,2025-02-25 11:15:00,2025-02-25 21:14:17.925461975,3,0,0,9.988312628326646,19.078956082777776,6
C009,2025-02-26,2025-02-26 04:00:00,2025-02-26 12:14:20.481844392,4,0,1,8.23902273455353,6.761687371666667,7
C009,2025-02-27,2025-02-27 01:30:00,2025-02-27 08:15:28.995308777,1,1,1,6.758054252438194,13.260977265277777,8
C009,2025-02-28,2025-02-28 13:30:00,2025-02-28 21:39:47.430071791,4,0,0,8.163175019942177,29.241945747499997,9
C009,2025-03-01,2025-03-01 16:15:00,2025-03-01 23:40:52.295020686,2,0,0,7.431193061301768,18.58682498,10
C010,2025-01-01,2025-01-01 12:15:00,2025-01-01 18:42:06.382201120,2,0,0,6.451772833644695,56.0,1
C010,2025-01-02,2025-01-02 04:15:00,2025-01-02 13:12:31.266730465,2,0,1,8.958685202907056,9.548227166111111,2
C010,2025-01-03,2025-01-03 13:45:00,2025-01-03 22:42:08.195376074,3,0,0,8.952276493354068,24.541314796944445,3
C010,2025-01-04,2025-01-04 08:45:00,2025-01-04 15:15:18.212278528,2,0,0,6.5050589662580105,10.04772350638889,4
C010,2025-01-05,2025-01-05 21:15:00,2025-01-06 05:17:42.030409937,1,1,0,8.04500844720486,29.994941033611113,5
C010,2025-01-06,2025-01-06 02:30:00,2025-01-06 09:03:30.787836871,3,1,1,6.558552176908821,-2.795008447222222,6
C010,2025-01-07,2025-01-07 13:00:00,2025-01-07 20:26:29.440606997,3,0,0,7.44151127972139,27.941447823055558,7
C010,2025-01-08,2025-01-08 11:45:00,2025-01-08 21:30:11.589385658,1,0,0,9.753219273793931,15.30848872027778,8
C010,2025-01-09,2025-01-09 22:30:00,2025-01-10 07:11:47.551792346,1,1,0,8.696542164540741,24.99678072611111,9
C010,2025-01-10,2025-01-10 06:45:00,2025-01-10 13:11:38.248356674,2,0,0,6.443957876853924,-0.44654216472222225,10
C010,2025-01-11,2025-01-11 01:15:00,2025-01-11 08:00:38.883952586,3,1,1,6.760801097940819,12.056042123055557,11
C010,2025-01-13,2025-01-13 05:30:00,2025-01-13 15:10:20.302351667,2,0,1,9.672306208796602,71.0,1
C010,2025-01-14,2025-01-14 02:00:00,2025-01-14 09:30:28.525705896,4,1,1,7.507923807193568,10.82769379111111,2
C010,2025-01-16,2025-01-16 20:00:00,2025-01-17 03:53:04.971593003,4,1,0,7.884714331389844,42.0,1
C010,2025-01-17,2025-01-17 05:45:00,2025-01-17 12:13:51.560061768,4,0,1,6.4809889060467025,1.8652856683333334,2
C010,2025-01-18,2025-01-18 04:00:00,2025-01-18 11:52:30.258702688,2,0,1,7.875071861858023,15.76901109388889,3
C010,2025-01-19,2025-01-19 16:45:00,2025-01-19 22:56:33.256838088,4,0,0,6.192571343913414,28.874928138055555,4
C010,2025-01-20,2025-01-20 23:45:00,2025-01-21 06:46:16.383108175,3,1,0,7.021217530048694,24.807428655833334,5
C010,2025-01-21,2025-01-21 08:45:00,2025-01-21 15:53:28.180872345,3,0,0,7.141161353429266,1.978782469722222,6
C010,2025-01-22,2025-01-22 22:00:00,2025-01-23 05:33:51.613441670,4,1,0,7.564337067130769,30.108838646388886,7
C010,2025-01-23,2025-01-23 08:00:00,2025-01-23 16:57:00.946786936,1,0,0,8.950262996371308,2.435662932777778,8
C010,2025-01-25,2025-01-25 04:30:00,2025-01-25 10:36:02.044199192,3,0,1,6.100567833109091,63.0,1
C010,2025-01-26,2025-01-26 16:45:00,2025-01-27 00:06:47.746076973,1,1,0,7.363262799159386,30.149432166666667,2
C010,2025-01-28,2025-01-28 16:45:00,2025-01-29 01:33:37.926332431,3,1,0,8.810535092342064,30.0,1
C010,2025-01-30,2025-01-30 20:15:00,2025-01-31 04:12:24.022003091,4,1,0,7.956672778636417,57.0,1
C010,2025-01-31,2025-01-31 02:15:00,2025-01-31 09:03:50.197749366,1,1,1,6.813943819268528,-1.956672778888889,2
C010,2025-02-03,2025-02-03 02:00:00,2025-02-03 08:33:13.063016097,1,1,1,6.553628615582611,52.0,1
C010,2025-02-04,2025-02-04 10:45:00,2025-02-04 18:32:23.541235043,4,0,0,7.789872565289832,26.196371384166667,2
C010,2025-02-05,2025-02-05 08:15:00,2025-02-05 14:16:50.362070148,4,0,0,6.030656130596901,13.710127434444445,3
C010,2025-02-08,2025-02-08 18:15:00,2025-02-09 00:54:19.906211024,3,1,0,6.655529503062391,64.0,1
C010,2025-02-09,2025-02-09 04:00:00,2025-02-09 13:16:22.176029974,3,0,1,9.27282667499299,3.0944704966666667,2
C010,2025-02-10,2025-02-10 14:30:00,2025-02-10 22:28:27.070756897,2,0,0,7.974186321360475,25.227173325,3
C010,2025-02-11,2025-02-11 05:45:00,2025-02-11 12:24:38.936726465,4,0,1,6.660815757351401,7.275813678611111,4
C010,2025-02-12,2025-02-12 00:45:00,2025-02-12 08:10:41.035040161,1,1,1,7.428065288933713,12.3391842425,5
C010,2025-02-13,2025-02-13 21:45:00,2025-02-14 06:12:48.941451542,1,1,0,8.463594847650679,37.57193471083333,6
C010,2025-02-14,2025-02-14 04:00:00,2025-02-14 13:19:06.060818859,3,0,1,9.318350227461002,-2.213594847777778,7
C010,2025-02-15,2025-02-15 11:30:00,2025-02-15 19:02:07.279915847,4,0,0,7.535355532179918,22.1816497725,8
C010,2025-02-16,2025-02-16 04:15:00,2025-02-16 10:32:02.510369278,3,0,1,6.284030658133021,9.214644467777777,9
C010,2025-02-17,2025-02-17 02:15:00,2025-02-17 09:32:31.892460036,2,1,1,7.292192350010126,15.715969341666666,10
C010,2025-02-18,2025-02-18 09:00:00,2025-02-18 15:33:19.747100109,1,0,0,6.555485305586068,23.457807649722223,11
C010,2025-02-21,2025-02-21 22:45:00,2025-02-22 04:56:57.593519042,2,1,0,6.199331533067324,63.0,1
C010,2025-02-22,2025-02-22 21:00:00,2025-02-23 03:53:06.439642664,3,1,0,6.885122122962469,16.050668466666664,2
C010,2025-02-23,2025-02-23 04:30:00,2025-02-23 13:43:55.525870654,3,0,1,9.232090519626212,0.6148778769444444,3
C010,2025-02-24,2025-02-24 23:15:00,2025-02-25 07:47:12.527120290,3,1,0,8.536813088969721,33.51790948027778,4
C010,2025-02-25,2025-02-25 18:15:00,2025-02-26 01:10:08.185786804,2,1,0,6.918940496334638,10.463186910833334,5
C010,2025-02-26,2025-02-26 20:45:00,2025-02-27 04:06:01.332300764,3,1,0,7.350370083545797,19.58105950361111,6
C010,2025-02-27,2025-02-27 06:15:00,2025-02-27 14:34:43.661950955,3,0,0,8.328794986376455,2.149629916388889,7
C010,2025-02-28,2025-02-28 18:15:00,2025-03-01 01:49:38.776067831,4,1,0,7.5774377966199715,27.67120501361111,8
C011,2025-01-01,2025-01-01 04:45:00,2025-01-01 12:08:00.635434625,3,0,1,7.38350984295143,52.0,1
C011,2025-01-02,2025-01-02 10:30:00,2025-01-02 17:51:44.699998770,3,0,0,7.362416666325167,22.366490156944444,2
C011,2025-01-03,2025-01-03 13:45:00,2025-01-03 23:08:18.808651590,2,0,0,9.38855795877514,19.88758333361111,3
C011,2025-01-04,2025-01-04 13:45:00,2025-01-04 21:33:57.623345224,1,0,0,7.8160064847844595,14.611442041111111,4
C011,2025-01-06,2025-01-06 06:00:00,2025-01-06 14:07:39.542973949,4,0,0,8.127650826097053,49.0,1
C011,2025-01-09,2025-01-09 05:00:00,2025-01-09 12:15:10.170159410,3,0,1,7.252825044280696,53.0,1
C011,2025-01-11,2025-01-11 12:15:00,2025-01-11 20:08:45.692570157,4,0,0,7.896025713932623,41.0,1
C011,2025-01-12,2025-01-12 00:15:00,2025-01-12 07:27:49.516859353,4,1,1,7.21375468315386,4.103974285833333,2
C011,2025-01-14,2025-01-14 22:00:00,2025-01-15 04:27:44.766466327,1,1,0,6.462435129535462,57.0,1
C011,2025-01-16,2025-01-16 20:45:00,2025-01-17 03:39:25.199092996,1,1,0,6.906999748054481,44.0,1
C011,2025-01-17,2025-01-17 14:00:00,2025-01-17 22:10:45.518268650,4,0,0,8.179310630180748,10.343000251944444,2
C011,2025-01-18,2025-01-18 00:30:00,2025-01-18 07:45:08.887114231,4,1,1,7.2524686428421274,2.3206893697222224,3
C011,2025-01-19,2025-01-19 01:00:00,2025-01-19 08:14:48.522898747,4,1,1,7.24681191631888,17.247531356944446,4
C011,2025-01-20,2025-01-20 04:00:00,2025-01-20 10:35:30.971722068,1,0,1,6.591936589463339,19.75318808361111,5
C011,2025-01-21,2025-01-21 02:00:00,2025-01-21 09:55:41.007699591,2,1,1,7.928057694331027,15.408063410277776,6
C011,2025-01-22,2025-01-22 13:30:00,2025-01-22 20:01:21.393751057,3,0,0,6.522609375293852,27.571942305555556,7
C011,2025-01-24,2025-01-24 13:30:00,2025-01-24 20:05:42.661959433,2,0,0,6.595183877620462,71.0,1
C011,2025-01-26,2025-01-26 14:15:00,2025-01-26 21:45:04.750674042,3,0,0,7.501319631678408,56.0,1
C011,2025-01-27,2025-01-27 16:00:00,2025-01-27 23:26:56.660454219,3,0,0,7.449072348394365,18.248680368055556,2
C011,2025-01-28,2025-01-28 10:30:00,2025-01-28 18:54:30.484589108,4,0,0,8.408467941419119,11.05092765138889,3
C011,2025-01-29,2025-01-29 16:00:00,2025-01-29 22:14:16.390591688,1,0,0,6.237886275469123,21.091532058333335,4
C011,2025-01-30,2025-01-30 15:15:00,2025-01-30 21:29:59.389348114,3,0,0,6.249830374476286,17.012113724444443,5
C011,2025-01-31,2025-01-31 14:45:00,2025-01-31 20:49:35.271759788,2,0,0,6.076464377719056,17.250169625277778,6
C011,2025-02-01,2025-02-01 23:45:00,2025-02-02 07:19:54.042753069,2,1,0,7.5816785425194,26.92353562222222,7
C011,2025-02-02,2025-02-02 18:45:00,2025-02-03 01:35:10.606622077,2,1,0,6.836279617243659,11.418321457222222,8
C011,2025-02-03,2025-02-03 06:15:00,2025-02-03 13:03:09.374650614,1,0,0,6.802604069615045,4.6637203825,9
C011,2025-02-07,2025-02-07 12:45:00,2025-02-07 18:46:21.587729225,1,0,0,6.0226632581182695,32.0,1
C011,2025-02-08,2025-02-08 19:30:00,2025-02-09 01:48:47.564601279,1,1,0,6.313212389244244,24.727336741666665,2
C011,2025-02-09,2025-02-09 11:15:00,2025-02-09 18:52:42.333443409,3,0,0,7.628425956502511,9.436787610555555,3
C011,2025-02-10,2025-02-10 04:15:00,2025-02-10 14:02:26.707573888,1,0,1,9.790752103857884,9.371574043333332,4
C011,2025-02-11,2025-02-11 09:30:00,2025-02-11 15:48:26.813883976,2,0,0,6.307448301104654,19.459247896111112,5
C011,2025-02-12,2025-02-12 21:15:00,2025-02-13 03:41:08.122339154,1,1,0,6.435589538653981,29.442551698888888,6
C011,2025-02-13,2025-02-13 05:45:00,2025-02-13 12:52:26.464784285,3,0,1,7.124017995634855,2.064410461111111,7
C011,2025-02-14,2025-02-14 13:00:00,2025-02-14 20:17:09.538097969,3,0,0,7.285982804991528,24.125982004166666,8
C011,2025-02-16,2025-02-16 00:30:00,2025-02-16 06:55:45.322127463,1,1,1,6.429256146517606,48.0,1
C011,2025-02-18,2025-02-18 11:45:00,2025-02-18 20:14:56.887624167,4,0,0,8.49913545115761,55.0,1
C011,2025-02-19,2025-02-19 11:30:00,2025-02-19 18:42:45.994456239,2,0,0,7.212776237844184,15.25086454861111,2
C011,2025-02-20,2025-02-20 06:15:00,2025-02-20 15:21:04.984565805,4,0,0,9.101384601612542,11.537223761944444,3
C011,2025-02-21,2025-02-21 09:30:00,2025-02-21 18:47:42.404497456,3,0,0,9.29511236040466,18.148615398333334,4
C011,2025-02-22,2025-02-22 16:15:00,2025-02-22 22:15:01.939579264,1,0,0,6.000538772017942,21.454887639444443,5
C011,2025-02-24,2025-02-24 19:15:00,2025-02-25 02:39:03.254399606,1,1,0,7.400903999890832,67.0,1
C011,2025-02-25,2025-02-25 16:30:00,2025-02-25 23:56:27.368430726,1,0,0,7.440935675201711,13.849096000000001,2
C011,2025-02-26,2025-02-26 11:30:00,2025-02-26 21:07:43.677430472,1,0,0,9.62879928624249,11.559064324722222,3
C011,2025-02-27,2025-02-27 15:00:00,2025-02-28 00:51:22.729197457,1,1,0,9.856313665960432,17.871200713611113,4
C011,2025-02-28,2025-02-28 08:00:00,2025-02-28 17:43:14.461902313,4,0,0,9.720683861753699,7.143686333888889,5
C011,2025-03-01,2025-03-01 04:00:00,2025-03-01 12:51:07.863129134,1,0,1,8.852184202537275,10.279316138055554,6
C012,2025-01-01,2025-01-01 18:00:00,2025-01-02 02:01:41.968899275,2,1,0,8.028324694243233,32.0,1
C012,2025-01-03,2025-01-03 08:45:00,2025-01-03 16:11:24.726708974,3,0,0,7.440201863603914,51.0,1
C012,2025-01-04,2025-01-04 09:30:00,2025-01-04 18:02:15.707692126,4,0,0,8.537696581146335,17.30979813638889,2
C012,2025-01-06,2025-01-06 04:30:00,2025-01-06 13:47:19.390370156,2,0,1,9.288719547265693,39.0,1
C012,2025-01-07,2025-01-07 01:00:00,2025-01-07 08:45:37.128513034,4,1,1,7.76031347584297,11.2112804525,2
C012,2025-01-08,2025-01-08 09:45:00,2025-01-08 17:19:44.174695365,3,0,0,7.578937415379313,24.98968652388889,3
C012,2025-01-10,2025-01-10 00:15:00,2025-01-10 07:36:51.795940511,2,1,1,7.364387761253221,24.0,1
C012,2025-01-11,2025-01-11 10:00:00,2025-01-11 18:40:02.879911933,2,0,0,8.667466642203687,26.38561223861111,2
C012,2025-01-12,2025-01-12 12:00:00,2025-01-12 20:45:07.839991238,1,0,0,8.752177775344055,17.332533357777777,3
C012,2025-01-13,2025-01-13 18:15:00,2025-01-14 00:37:23.178709205,3,1,0,6.37310519700153,21.497822224444445,4
C012,2025-01-14,2025-01-14 08:45:00,2025-01-14 18:22:27.348753883,4,0,0,9.62426354274546,8.126894802777779,5
C012,2025-01-15,2025-01-15 01:15:00,2025-01-15 08:17:17.032416932,1,1,1,7.038064560259097,6.875736457222223,6
C012,2025-01-16,2025-01-16 18:15:00,2025-01-17 01:48:49.997314664,4,1,0,7.563888142962417,33.961935439722225,7
C012,2025-01-19,2025-01-19 19:30:00,2025-01-20 02:02:42.783259662,4,1,0,6.545217572128389,55.0,1
C012,2025-01-20,2025-01-20 19:00:00,2025-01-21 01:40:11.244563456,2,1,0,6.669790156515589,16.95478242777778,2
C012,2025-01-21,2025-01-21 12:30:00,2025-01-21 21:05:09.005879586,4,0,0,8.585834966551722,10.830209843333334,3
C012,2025-01-22,2025-01-22 06:30:00,2025-01-22 15:49:08.588932142,1,0,0,9.31905248115058,9.414165033333335,4
C012,2025-01-23,2025-01-23 06:30:00,2025-01-23 13:42:41.986495197,1,0,0,7.21166291533277,14.680947518611111,5
C012,2025-01-25,2025-01-25 14:45:00,2025-01-25 23:26:11.648854262,2,0,0,8.68656912618412,63.0,1
C012,2025-01-26,2025-01-26 21:30:00,2025-01-27 05:08:00.409194242,4,1,0,7.633446998400789,22.06343087361111,2
C012,2025-01-28,2025-01-28 06:15:00,2025-01-28 12:48:47.562464054,1,0,0,6.563211795570704,33.0,1
C012,2025-01-29,2025-01-29 12:45:00,2025-01-29 20:51:32.618605179,3,0,0,8.109060723661026,23.936788204166668,2
C012,2025-01-31,2025-01-31 21:15:00,2025-02-01 04:15:43.273522983,4,1,0,7.01202042305107,70.0,1
C012,2025-02-02,2025-02-02 19:45:00,2025-02-03 01:46:24.689180336,1,1,0,6.02352477231575,34.0,1
C012,2025-02-04,2025-02-04 09:00:00,2025-02-04 15:58:03.263435225,2,0,0,6.967573176451557,44.0,1
C012,2025-02-05,2025-02-05 13:15:00,2025-02-05 22:17:36.302561008,2,0,0,9.043417378057983,21.282426823333335,2
C012,2025-02-07,2025-02-07 13:45:00,2025-02-07 21:31:55.799597883,1,0,0,7.782166554967564,66.0,1
C012,2025-02-08,2025-02-08 06:30:00,2025-02-08 15:40:21.257385553,3,0,0,9.172571495986958,8.967833445,2
C012,2025-02-09,2025-02-09 02:45:00,2025-02-09 09:44:47.299203594,4,1,1,6.996472000998546,11.077428503888889,3
C012,2025-02-10,2025-02-10 12:30:00,2025-02-10 20:14:52.740753584,3,0,0,7.7479835426624835,26.75352799888889,4
C012,2025-02-12,2025-02-12 02:00:00,2025-02-12 09:27:51.282769269,2,1,1,7.464245213685912,40.0,1
C012,2025-02-13,2025-02-13 09:45:00,2025-02-13 19:37:05.558612534,1,0,0,9.86821072570414,24.28575478611111,2
C012,2025-02-14,2025-02-14 21:00:00,2025-02-15 03:44:31.275410846,3,1,0,6.74202094745725,25.381789274166668,3
C012,2025-02-15,2025-02-15 05:15:00,2025-02-15 14:20:11.427518091,4,0,1,9.08650764391443,1.5079790525,4
C012,2025-02-18,2025-02-18 01:00:00,2025-02-18 08:36:34.222478325,4,1,1,7.609506243979389,65.0,1
C012,2025-02-19,2025-02-19 20:30:00,2025-02-20 03:15:41.267644092,1,1,0,6.761463234470084,35.89049375583333,2
C012,2025-02-20,2025-02-20 00:00:00,2025-02-20 06:14:13.218889906,2,1,1,6.237005247196303,-3.261463234722222,3
C012,2025-02-21,2025-02-21 02:00:00,2025-02-21 08:59:21.661365057,1,1,1,6.989350379182566,19.762994752777775,4
C012,2025-02-22,2025-02-22 11:30:00,2025-02-22 20:31:01.415616197,3,0,0,9.01705989338809,26.510649620555554,5
C012,2025-02-23,2025-02-23 08:45:00,2025-02-23 17:54:00.706836366,1,0,0,9.150196343435116,12.23294010638889,6
C012,2025-02-24,2025-02-24 11:00:00,2025-02-24 20:23:20.712015194,2,0,0,9.389086670887437,17.09980365638889,7
C012,2025-02-25,2025-02-25 02:30:00,2025-02-25 09:30:42.896935691,1,1,1,7.011915815469863,6.110913328888889,8
C012,2025-03-01,2025-03-01 11:30:00,2025-03-01 19:49:35.361019044,4,0,0,8.326489171956775,44.0,1
C013,2025-01-01,2025-01-01 20:30:00,2025-01-02 02:55:53.194983399,3,1,0,6.431443050944441,30.0,1
C013,2025-01-02,2025-01-02 11:45:00,2025-01-02 21:02:33.515962207,3,0,0,9.292643322835437,8.818556948888888,2
C013,2025-01-03,2025-01-03 04:45:00,2025-01-03 11:55:58.003306199,3,0,1,7.182778696166417,7.707356676944444,3
C013,2025-01-05,2025-01-05 10:30:00,2025-01-05 18:31:39.654306650,3,0,0,8.02768175184734,47.0,1
C013,2025-01-06,2025-01-06 05:45:00,2025-01-06 14:50:44.249593497,2,0,1,9.09562488708266,11.222318248055556,2
C013,2025-01-07,2025-01-07 08:45:00,2025-01-07 16:54:22.961559398,4,0,0,8.156378210944034,17.904375112777778,3
C013,2025-01-08,2025-01-08 05:00:00,2025-01-08 13:11:12.487496017,1,0,1,8.186802082227073,12.093621788888887,4
C013,2025-01-09,2025-01-09 05:15:00,2025-01-09 11:28:06.735648014,4,0,1,6.218537680003889,16.0631979175,5
C013,2025-01-11,2025-01-11 10:15:00,2025-01-11 19:46:51.375081697,3,0,0,9.530937522693687,27.0,1
C013,2025-01-12,2025-01-12 06:00:00,2025-01-12 14:33:45.152536357,1,0,0,8.562542371210347,10.219062477222222,2
C013,2025-01-13,2025-01-13 12:30:00,2025-01-13 21:21:01.747196618,3,0,0,8.85048533239405,21.93745762861111,3
C013,2025-01-15,2025-01-15 01:45:00,2025-01-15 08:33:41.408414028,4,1,1,6.811502337230122,45.0,1
C013,2025-01-16,2025-01-16 08:30:00,2025-01-16 16:01:21.931408716,3,0,0,7.522758724643463,23.9384976625,2
C013,2025-01-17,2025-01-17 05:00:00,2025-01-17 14:07:21.096730928,1,0,1,9.122526869702229,12.977241275277779,3
C013,2025-01-18,2025-01-18 04:45:00,2025-01-18 12:11:48.627669977,4,0,1,7.446841019438322,14.627473130277778,4
C013,2025-01-19,2025-01-19 04:00:00,2025-01-19 10:24:36.229882557,3,0,1,6.410063856265898,15.803158980555555,5
C013,2025-01-20,2025-01-20 16:15:00,2025-01-21 00:02:42.916498751,4,1,0,7.7952545829864235,29.83993614361111,6
C013,2025-01-23,2025-01-23 05:15:00,2025-01-23 14:09:57.327287843,1,0,1,8.915924246623266,40.0,1
C013,2025-01-28,2025-01-28 04:45:00,2025-01-28 13:33:16.846006899,4,0,1,8.804679446361039,70.0,1
C013,2025-01-29,2025-01-29 08:30:00,2025-01-29 16:01:19.455022126,4,0,0,7.5220708394795786,18.94532055361111,2
C013,2025-01-30,2025-01-30 19:30:00,2025-01-31 01:32:53.468141794,4,1,0,6.0481855949430186,27.477929160277778,3
C013,2025-02-01,2025-02-01 09:45:00,2025-02-01 17:30:02.323125334,4,0,0,7.750645312592814,52.0,1
C013,2025-02-02,2025-02-02 08:00:00,2025-02-02 16:09:46.577766716,1,0,0,8.162938268532416,14.49935468722222,2
C013,2025-02-03,2025-02-03 15:45:00,2025-02-03 22:28:01.280811472,2,0,0,6.717022447631161,23.58706173138889,3
C013,2025-02-04,2025-02-04 16:45:00,2025-02-04 23:22:44.734197787,4,0,0,6.629092832718861,18.282977552222224,4
C013,2025-02-05,2025-02-05 02:45:00,2025-02-05 09:45:10.911322654,3,1,1,7.003030922959468,3.370907167222222,5
C013,2025-02-06,2025-02-06 01:30:00,2025-02-06 09:09:56.378712875,3,1,1,7.665660753576542,15.746969076944444,6
C013,2025-02-08,2025-02-08 04:00:00,2025-02-08 10:04:45.057480200,3,0,1,6.079182633389017,28.0,1
C013,2025-02-09,2025-02-09 08:45:00,2025-02-09 16:28:19.779016903,2,0,0,7.72216083802876,22.67081736638889,2
C013,2025-02-10,2025-02-10 04:45:00,2025-02-10 11:53:34.919874134,1,0,1,7.143033298370824,12.277839161944444,3
C013,2025-02-11,2025-02-11 09:30:00,2025-02-11 16:19:17.780282083,4,0,0,6.821605633912117,21.606966701388888,4
C013,2025-02-12,2025-02-12 23:45:00,2025-02-13 08:05:34.755651041,2,1,0,8.342987680844974,31.428394365833334,5
C013,2025-02-13,2025-02-13 01:00:00,2025-02-13 08:52:57.161627341,1,1,1,7.8825448964837035,-7.092987681111111,6
C013,2025-02-15,2025-02-15 01:00:00,2025-02-15 08:56:28.871126950,4,1,1,7.941353090819488,64.0,1
C013,2025-02-16,2025-02-16 18:00:00,2025-02-17 00:36:47.958198655,4,1,0,6.61332172184864,33.05864690916667,2
C013,2025-02-18,2025-02-18 10:45:00,2025-02-18 17:49:26.886087373,4,0,0,7.074135024270429,33.0,1
C013,2025-02-19,2025-02-19 06:00:00,2025-02-19 12:18:28.504325735,3,0,0,6.307917868259866,12.175864975555555,2
C013,2025-02-20,2025-02-20 13:30:00,2025-02-20 22:16:59.483678238,4,0,0,8.783189910621779,25.19208213166667,3
C013,2025-02-22,2025-02-22 13:30:00,2025-02-22 23:21:36.221320144,3,0,0,9.860061477817887,33.0,1
C013,2025-02-23,2025-02-23 23:45:00,2025-02-24 06:41:19.399857507,3,1,0,6.938722182640944,24.389938521944444,2
C013,2025-02-24,2025-02-24 00:00:00,2025-02-24 06:14:02.875498254,2,1,1,6.234132082848337,-6.688722182777778,3
C013,2025-02-25,2025-02-25 06:30:00,2025-02-25 16:01:55.111077548,4,0,0,9.531975299319093,24.265867916944444,4
C013,2025-02-26,2025-02-26 18:00:00,2025-02-27 00:09:05.280599654,1,1,0,6.151466833237224,25.968024700555556,5
C013,2025-02-27,2025-02-27 00:00:00,2025-02-27 06:54:01.830572228,2,1,1,6.9005084922857804,-0.15146683333333336,6
C013,2025-02-28,2025-02-28 19:15:00,2025-03-01 03:28:05.608882178,4,1,0,8.218224689493935,36.3494915075,7
C013,2025-03-01,2025-03-01 13:45:00,2025-03-01 21:03:29.442875786,3,0,0,7.308178576607271,10.281775310277778,8
C014,2025-01-02,2025-01-02 00:30:00,2025-01-02 07:31:31.630038684,2,1,1,7.025452788523552,42.0,1
C014,2025-01-03,2025-01-03 16:15:00,2025-01-04 00:55:57.727565505,4,1,0,8.682702101529301,32.72454721138889,2
C014,2025-01-05,2025-01-05 21:30:00,2025-01-06 03:32:28.451983322,1,1,0,6.041236662034036,69.0,1
C014,2025-01-06,2025-01-06 06:30:00,2025-01-06 14:20:08.743438994,2,0,0,7.835762066387281,2.958763337777778,2
C014,2025-01-07,2025-01-07 19:30:00,2025-01-08 02:36:59.764231712,2,1,0,7.116601175475658,29.164237933611112,3
C014,2025-01-08,2025-01-08 11:00:00,2025-01-08 20:43:51.031317111,4,0,0,9.730842032531045,8.383398824444445,4
C014,2025-01-10,2025-01-10 20:30:00,2025-01-11 04:03:51.649461002,2,1,0,7.56434707250064,65.0,1
C014,2025-01-11,2025-01-11 06:00:00,2025-01-11 14:09:11.979982882,4,0,0,8.153327773022854,1.935652927222222,2
C014,2025-01-12,2025-01-12 00:30:00,2025-01-12 06:34:12.056986609,1,1,1,6.070015829613611,10.346672226944445,3
C014,2025-01-13,2025-01-13 02:15:00,2025-01-13 09:39:39.317978041,4,1,1,7.410921660566973,19.679984170277777,4
C014,2025-01-14,2025-01-14 12:15:00,2025-01-14 21:23:09.417965126,2,0,0,9.135949434757421,26.589078339166665,5
C014,2025-01-15,2025-01-15 19:45:00,2025-01-16 01:48:56.663950770,2,1,0,6.065739986325027,22.364050565000003,6
C014,2025-01-16,2025-01-16 05:45:00,2025-01-16 11:51:47.682351398,3,0,1,6.113245097610671,3.934260013611111,7
C014,2025-01-17,2025-01-17 23:00:00,2025-01-18 06:57:55.876116862,2,1,0,7.965521143573014,35.13675490222222,8
C014,2025-01-22,2025-01-22 00:30:00,2025-01-22 08:09:10.714249409,3,1,1,7.652976180391525,27.0,1
C014,2025-01-23,2025-01-23 15:00:00,2025-01-23 23:12:48.674705266,1,0,0,8.21352075146299,30.847023819444445,2
C014,2025-01-24,2025-01-24 04:15:00,2025-01-24 13:33:44.882337691,4,0,1,9.312467316025371,5.0364792483333325,3
C014,2025-01-25,2025-01-25 23:15:00,2025-01-26 06:18:47.789446964,2,1,0,7.063274846379165,33.68753268388889,4
C014,2025-01-26,2025-01-26 00:15:00,2025-01-26 08:03:25.620792714,3,1,1,7.80711688686506,-6.063274846388889,5
C014,2025-01-27,2025-01-27 16:15:00,2025-01-28 01:41:06.961504821,3,1,0,9.435267084672619,32.19288311305556,6
C014,2025-01-28,2025-01-28 02:30:00,2025-01-28 09:19:44.515666680,2,1,1,6.8290321296335845,0.8147329152777777,7
C014,2025-01-29,2025-01-29 14:15:00,2025-01-29 20:58:01.246882645,4,0,0,6.717013022957123,28.920967870277778,8
C014,2025-02-03,2025-02-03 19:15:00,2025-02-04 02:08:25.296165814,1,1,0,6.890360046059552,53.0,1
C014,2025-02-06,2025-02-06 05:30:00,2025-02-06 14:02:18.805293418,4,0,1,8.538557025949522,57.0,1
C014,2025-02-07,2025-02-07 14:15:00,2025-02-07 20:28:51.343092841,3,0,0,6.230928636900469,24.211442973888886,2
C014,2025-02-08,2025-02-08 06:30:00,2025-02-08 14:43:39.049581678,1,0,0,8.227513772688383,10.019071363055554,3
C014,2025-02-09,2025-02-09 15:00:00,2025-02-09 23:48:30.903785018,1,0,0,8.808584384727318,24.27248622722222,4
C014,2025-02-10,2025-02-10 13:00:00,2025-02-10 21:18:05.895176920,4,0,0,8.301637549144594,13.191415614999999,5
C014,2025-02-11,2025-02-11 22:00:00,2025-02-12 04:21:05.802181346,3,1,0,6.351611717040701,24.698362450833333,6
C014,2025-02-13,2025-02-13 04:30:00,2025-02-13 13:33:33.134003413,3,0,1,9.059203889837109,62.0,1
C014,2025-02-14,2025-02-14 04:30:00,2025-02-14 13:55:45.248193996,1,0,1,9.429235609443364,14.94079611,2
C014,2025-02-15,2025-02-15 02:45:00,2025-02-15 10:07:38.147731016,4,1,1,7.377263258615751,12.820764390555556,3
C014,2025-02-17,2025-02-17 08:15:00,2025-02-17 16:06:36.795575529,4,0,0,7.860220993202578,64.0,1
C014,2025-02-18,2025-02-18 16:00:00,2025-02-19 00:07:34.714513559,3,1,0,8.126309587099973,23.889779006666664,2
C014,2025-02-19,2025-02-19 10:15:00,2025-02-19 16:18:12.494638935,2,0,0,6.0534707330375825,10.123690412777778,3
C014,2025-02-20,2025-02-20 05:15:00,2025-02-20 11:31:04.420013163,2,0,1,6.267894448101086,12.946529266944445,4
C014,2025-02-21,2025-02-21 11:45:00,2025-02-21 21:08:30.161526192,1,0,0,9.391711535053394,24.232105551666667,5
C014,2025-02-22,2025-02-22 13:45:00,2025-02-22 21:29:02.000151681,1,0,0,7.733888931022538,16.60828846472222,6
C014,2025-02-23,2025-02-23 10:15:00,2025-02-23 16:31:48.050574716,4,0,0,6.280014048532263,12.766111068888888,7
C014,2025-02-24,2025-02-24 21:45:00,2025-02-25 05:08:33.776013183,3,1,0,7.392715559217675,29.21998595138889,8
C014,2025-02-25,2025-02-25 20:15:00,2025-02-26 03:23:15.646601548,2,1,0,7.137679611541347,15.107284440555555,9
C014,2025-02-26,2025-02-26 09:30:00,2025-02-26 18:35:28.457855380,4,0,0,9.09123829316135,6.112320388333333,10
C014,2025-02-28,2025-02-28 12:15:00,2025-02-28 20:20:03.453943320,3,0,0,8.084292762033552,55.0,1
C014,2025-03-01,2025-03-01 04:45:00,2025-03-01 11:34:44.289116671,1,0,1,6.828969199075513,8.415707237777777,2
C015,2025-01-01,2025-01-01 21:15:00,2025-01-02 04:25:20.155645160,1,1,0,7.172265456988911,39.0,1
C015,2025-01-02,2025-01-02 11:00:00,2025-01-02 20:24:37.223351112,2,0,0,9.410339819753371,6.577734542777778,2
C015,2025-01-03,2025-01-03 13:45:00,2025-01-03 21:17:41.452696565,3,0,0,7.544847971268123,17.33966018,3
C015,2025-01-05,2025-01-05 01:45:00,2025-01-05 09:33:56.437299961,3,1,1,7.815677027767068,38.0,1
C015,2025-01-06,2025-01-06 09:15:00,2025-01-06 16:46:52.302207883,3,0,0,7.531195057745551,23.68432297222222,2
C015,2025-01-07,2025-01-07 23:30:00,2025-01-08 07:34:37.476362579,3,1,0,8.077076767383174,30.718804942222224,3
C015,2025-01-08,2025-01-08 08:45:00,2025-01-08 16:51:53.631635017,4,0,0,8.114897676393742,1.1729232325,4
C015,2025-01-09,2025-01-09 11:15:00,2025-01-09 20:32:42.250499507,3,0,0,9.295069583196492,18.38510232333333,5
C015,2025-01-10,2025-01-10 23:15:00,2025-01-11 07:36:36.450079638,1,1,0,8.360125022121927,26.704930416666667,6
C015,2025-01-11,2025-01-11 04:15:00,2025-01-11 12:06:21.457893087,2,0,1,7.8559605258577,-3.3601250222222223,7
C015,2025-01-12,2025-01-12 02:45:00,2025-01-12 09:51:52.827620925,2,1,1,7.114674339146016,14.644039473888888,8
C015,2025-01-13,2025-01-13 15:45:00,2025-01-13 22:33:15.338189519,4,0,0,6.8042606081997805,29.88532566083333,9
C015,2025-01-14,2025-01-14 13:45:00,2025-01-14 20:07:38.314938591,3,0,0,6.3773097051641745,15.195739391666667,10
C015,2025-01-15,2025-01-15 23:45:00,2025-01-16 06:02:05.113717674,4,1,0,6.284753810465009,27.622690294722222,11
C015,2025-01-16,2025-01-16 22:00:00,2025-01-17 06:34:26.651326878,3,1,0,8.574069813021687,15.965246189444445,12
C015,2025-01-17,2025-01-17 04:30:00,2025-01-17 11:46:20.704035409,4,0,1,7.272417787613888,-2.0740698130555555,13
C015,2025-01-18,2025-01-18 23:30:00,2025-01-19 07:11:54.751465230,4,1,0,7.698542073675212,35.727582212222224,14
C015,2025-01-19,2025-01-19 05:45:00,2025-01-19 11:49:06.956859578,2,0,1,6.068599127660793,-1.4485420738888888,15
C015,2025-01-20,2025-01-20 14:30:00,2025-01-20 23:50:54.522640761,2,0,0,9.34847851132261,26.68140087222222,16
C015,2025-01-21,2025-01-21 12:30:00,2025-01-21 20:06:33.623355417,1,0,0,7.609339820949331,12.65152148861111,17
C015,2025-01-23,2025-01-23 19:30:00,2025-01-24 03:37:19.887600355,1,1,0,8.122191000098784,43.0,1
C015,2025-01-24,2025-01-24 02:30:00,2025-01-24 10:21:29.804544111,4,1,1,7.858279040030926,-1.1221910002777777,2
C015,2025-01-25,2025-01-25 06:15:00,2025-01-25 14:01:20.054817558,4,0,0,7.772237449321684,19.89172095972222,3
C015,2025-01-26,2025-01-26 13:30:00,2025-01-26 21:52:21.478354168,4,0,0,8.372632876157873,23.477762550555553,4
C015,2025-01-27,2025-01-27 23:30:00,2025-01-28 06:37:09.724278961,3,1,0,7.119367855267151,25.627367123611112,5
C015,2025-01-29,2025-01-29 18:15:00,2025-01-30 02:11:45.300733103,2,1,0,7.945916870306447,42.0,1
C015,2025-01-30,2025-01-30 18:45:00,2025-01-31 01:17:17.044911123,2,1,0,6.538068030867723,16.554083129444447,2
C015,2025-01-31,2025-01-31 22:15:00,2025-02-01 07:05:46.439467616,4,1,0,8.846233185449133,20.96193196888889,3
C015,2025-02-01,2025-02-01 06:45:00,2025-02-01 15:32:54.809802558,4,0,0,8.798558278488487,-0.34623318555555554,4
C015,2025-02-02,2025-02-02 02:15:00,2025-02-02 09:31:41.031544187,2,1,1,7.278064317829841,10.701441721388889,5
C015,2025-02-03,2025-02-03 08:45:00,2025-02-03 15:51:28.980350294,2,0,0,7.108050097303915,23.221935681944444,6
C015,2025-02-04,2025-02-04 15:45:00,2025-02-05 00:07:34.792040203,4,1,0,8.376331122278849,23.8919499025,7
C015,2025-02-06,2025-02-06 02:15:00,2025-02-06 10:00:56.986678934,3,1,1,7.765829633037445,30.0,1
C015,2025-02-07,2025-02-07 02:45:00,2025-02-07 10:13:29.467817548,4,1,1,7.474852171541355,16.734170366944443,2
C015,2025-02-08,2025-02-08 00:30:00,2025-02-08 08:17:41.034233694,3,1,1,7.794731731581864,14.275147828333335,3
C015,2025-02-09,2025-02-09 12:45:00,2025-02-09 18:59:58.474587815,4,0,0,6.2495762743931085,28.45526826833333,4
C015,2025-02-11,2025-02-11 19:30:00,2025-02-12 04:18:50.024499486,2,1,0,8.813895694301682,34.0,1
C015,2025-02-12,2025-02-12 09:15:00,2025-02-12 17:08:59.293899797,2,0,0,7.899803861054993,4.936104305555555,2
C015,2025-02-13,2025-02-13 06:30:00,2025-02-13 13:05:20.768115150,1,0,0,6.589102254208363,13.35019613888889,3
C015,2025-02-14,2025-02-14 02:15:00,2025-02-14 09:50:47.711019906,4,1,1,7.596586394418374,13.160897745555555,4
C015,2025-02-15,2025-02-15 05:00:00,2025-02-15 12:01:33.068078641,4,0,1,7.025852244067064,19.153413605555556,5
C015,2025-02-16,2025-02-16 04:45:00,2025-02-16 11:25:49.662009253,3,0,1,6.6804616692371255,16.724147755833336,6
C015,2025-02-17,2025-02-17 06:15:00,2025-02-17 13:20:07.669874961,2,0,0,7.085463854156043,18.819538330555556,7
C015,2025-02-18,2025-02-18 23:00:00,2025-02-19 07:24:41.092817221,4,1,0,8.411414671450427,33.66453614583333,8
C015,2025-02-19,2025-02-19 15:45:00,2025-02-20 00:14:45.578191617,4,1,0,8.49599394211593,8.338585328333332,9
C015,2025-02-20,2025-02-20 06:15:00,2025-02-20 16:11:12.976788975,1,0,0,9.936937996937736,6.004006057777778,10
C015,2025-02-21,2025-02-21 09:00:00,2025-02-21 16:50:01.412507492,1,0,0,7.833725696525752,16.813062003055556,11
C015,2025-02-22,2025-02-22 18:30:00,2025-02-23 03:05:11.792115508,3,1,0,8.586608920974566,25.666274303333335,12
C015,2025-02-23,2025-02-23 18:45:00,2025-02-24 03:02:43.731551221,4,1,0,8.295480986450299,15.663391078888889,13
C015,2025-02-25,2025-02-25 16:45:00,2025-02-26 00:43:12.994618847,2,1,0,7.97027628301319,42.0,1
C015,2025-02-26,2025-02-26 05:30:00,2025-02-26 11:59:34.549090315,4,0,1,6.492930302865299,4.779723716944444,2
C015,2025-02-27,2025-02-27 15:00:00,2025-02-27 21:47:08.436708557,1,0,0,6.785676863488069,27.007069696944445,3
C015,2025-03-01,2025-03-01 13:30:00,2025-03-01 20:25:09.504851485,4,0,0,6.919306903190474,48.0,1
C016,2025-01-01,2025-01-01 13:00:00,2025-01-01 22:25:07.729681342,2,0,0,9.41881380037279,26.0,1
C016,2025-01-04,2025-01-04 13:45:00,2025-01-04 23:37:46.941964970,2,0,0,9.879706101380764,29.0,1
C016,2025-01-05,2025-01-05 20:45:00,2025-01-06 05:25:55.040214507,1,1,0,8.681955615140883,21.12029389861111,2
C016,2025-01-06,2025-01-06 12:00:00,2025-01-06 18:42:01.773217877,3,0,0,6.700492560521413,6.568044384722222,3
C016,2025-01-09,2025-01-09 05:00:00,2025-01-09 14:00:24.136877130,3,0,1,9.006704688091677,65.0,1
C016,2025-01-10,2025-01-10 08:00:00,2025-01-10 14:36:29.499370912,1,0,0,6.608194269697967,17.993295311666667,2
C016,2025-01-11,2025-01-11 05:30:00,2025-01-11 12:26:54.019802649,1,0,1,6.948338834069361,14.891805730277778,3
C016,2025-01-12,2025-01-12 14:45:00,2025-01-12 20:46:32.667045553,1,0,0,6.025740845987183,26.301661165833334,4
C016,2025-01-13,2025-01-13 13:00:00,2025-01-13 20:43:11.787083343,2,0,0,7.719940856484239,16.224259153888887,5
C016,2025-01-14,2025-01-14 22:15:00,2025-01-15 06:22:27.715816926,1,1,0,8.124365504701876,25.530059143333336,6
C016,2025-01-15,2025-01-15 18:45:00,2025-01-16 02:16:54.272180563,3,1,0,7.531742272378679,12.37563449527778,7
C016,2025-01-16,2025-01-16 12:45:00,2025-01-16 18:57:03.499341450,2,0,0,6.200972039291928,10.4682577275,8
C016,2025-01-17,2025-01-17 13:45:00,2025-01-17 23:44:08.135428978,3,0,0,9.985593174716222,18.799027960555556,9
C016,2025-01-18,2025-01-18 06:00:00,2025-01-18 13:51:45.828601376,2,0,0,7.8627301670491185,6.264406825277777,10
C016,2025-01-19,2025-01-19 06:00:00,2025-01-19 12:41:38.343125112,3,0,0,6.693984201420088,16.13726983277778,11
C016,2025-01-20,2025-01-20 14:00:00,2025-01-20 20:30:07.002673907,1,0,0,6.501945187196602,25.30601579833333,12
C016,2025-01-21,2025-01-21 22:45:00,2025-01-22 07:15:18.712210914,2,1,0,8.50519783636506,26.248054812777777,13
C016,2025-01-22,2025-01-22 10:00:00,2025-01-22 18:05:56.193182324,1,0,0,8.098942550645729,2.7448021636111113,14
C016,2025-01-23,2025-01-23 08:15:00,2025-01-23 15:34:43.760221641,3,0,0,7.328822283789286,14.151057449166666,15
C016,2025-01-25,2025-01-25 13:15:00,2025-01-25 21:57:50.399543413,4,0,0,8.71399987317055,25.0,1
C016,2025-01-26,2025-01-26 11:15:00,2025-01-26 20:12:22.564453526,1,0,0,8.95626790375749,13.286000126666666,2
C016,2025-01-27,2025-01-27 01:00:00,2025-01-27 08:25:55.559807343,4,1,1,7.432099946484289,4.793732096111111,3
C016,2025-01-28,2025-01-28 01:15:00,2025-01-28 07:48:22.529919503,4,1,1,6.556258310973225,16.817900053333332,4
C016,2025-01-29,2025-01-29 19:45:00,2025-01-30 02:46:48.576383518,1,1,0,7.030160106532932,35.94374168888889,5
C016,2025-01-30,2025-01-30 05:45:00,2025-01-30 15:27:52.280094461,3,0,1,9.714522248461577,2.9698398933333334,6
C016,2025-02-02,2025-02-02 05:30:00,2025-02-02 13:17:42.414777522,2,0,1,7.795115215978459,26.0,1
C016,2025-02-03,2025-02-03 16:45:00,2025-02-04 01:45:16.950772138,4,1,0,9.004708547816172,27.454884783888886,2
C016,2025-02-04,2025-02-04 00:30:00,2025-02-04 06:43:46.537876209,4,1,1,6.229593854502561,-1.2547085480555555,3
C016,2025-02-05,2025-02-05 16:15:00,2025-02-06 00:54:14.739752353,3,1,0,8.65409437565381,33.52040614527778,4
C016,2025-02-06,2025-02-06 02:45:00,2025-02-06 09:20:24.520914703,3,1,1,6.5901446985286185,1.8459056241666667,5
C016,2025-02-08,2025-02-08 20:00:00,2025-02-09 03:01:34.762305326,4,1,0,7.026322862590782,45.0,1
C016,2025-02-10,2025-02-10 04:15:00,2025-02-10 12:13:16.602017272,2,0,1,7.971278338131299,38.0,1
C016,2025-02-11,2025-02-11 04:15:00,2025-02-11 11:48:37.731379512,1,0,1,7.560480938753357,16.02872166166667,2
C016,2025-02-15,2025-02-15 06:30:00,2025-02-15 14:45:59.115728238,4,0,0,8.266421035621851,26.0,1
C016,2025-02-16,2025-02-16 11:30:00,2025-02-16 17:32:35.679604346,3,0,0,6.043244334540786,20.733578964166668,2
C016,2025-02-17,2025-02-17 04:00:00,2025-02-17 10:18:09.519896219,4,0,1,6.302644415616443,10.456755665277779,3
C016,2025-02-19,2025-02-19 06:00:00,2025-02-19 14:22:45.802264827,4,0,0,8.379389518007638,53.0,1
C016,2025-02-20,2025-02-20 06:30:00,2025-02-20 13:11:24.343828027,4,0,0,6.690095507785449,16.120610481944446,2
C016,2025-02-21,2025-02-21 01:15:00,2025-02-21 08:05:49.544995141,1,1,1,6.8470958319837925,12.059904491944446,3
C016,2025-02-23,2025-02-23 05:45:00,2025-02-23 11:57:05.033188358,1,0,1,6.201398107877413,35.0,1
C016,2025-02-24,2025-02-24 04:00:00,2025-02-24 12:27:21.172411083,1,0,1,8.455881225300931,16.048601891944443,2
C016,2025-02-25,2025-02-25 12:15:00,2025-02-25 21:13:50.584733322,2,0,0,8.980717981478458,23.794118774444446,3
C016,2025-02-26,2025-02-26 23:00:00,2025-02-27 07:25:01.716877216,2,1,0,8.417143577004653,25.76928201833333,4
C016,2025-03-01,2025-03-01 13:15:00,2025-03-01 21:30:45.909678830,3,0,0,8.262752688564023,31.0,1
C017,2025-01-01,2025-01-01 20:30:00,2025-01-02 04:50:40.260995615,1,1,0,8.344516943226546,58.0,1
C017,2025-01-03,2025-01-03 06:15:00,2025-01-03 14:22:34.638998688,3,0,0,8.126288610746926,28.0,1
C017,2025-01-04,2025-01-04 06:15:00,2025-01-04 14:52:32.298290409,4,0,0,8.625638414002628,15.873711389166665,2
C017,2025-01-05,2025-01-05 22:45:00,2025-01-06 05:25:19.011495342,3,1,0,6.671947637595244,31.874361585833334,3
C017,2025-01-06,2025-01-06 21:30:00,2025-01-07 05:34:48.019660334,3,1,0,8.08000546120412,16.078052362222223,4
C017,2025-01-07,2025-01-07 19:45:00,2025-01-08 04:15:03.355313131,4,1,0,8.500932031425517,14.169994538611112,5
C017,2025-01-08,2025-01-08 09:45:00,2025-01-08 16:10:24.590182269,4,0,0,6.423497272852517,5.499067968333334,6
C017,2025-01-09,2025-01-09 23:30:00,2025-01-10 06:20:03.474762716,3,1,0,6.834298545199069,31.326502726944447,7
C017,2025-01-10,2025-01-10 11:45:00,2025-01-10 19:25:36.233412990,4,0,0,7.676731503608485,5.415701454722223,8
C017,2025-01-11,2025-01-11 13:30:00,2025-01-11 20:46:14.803644679,3,0,0,7.270778790188649,18.073268496388888,9
C017,2025-01-12,2025-01-12 09:45:00,2025-01-12 19:17:41.017518662,4,0,0,9.54472708851738,12.979221209722223,10
C017,2025-01-13,2025-01-13 16:15:00,2025-01-13 23:23:34.074154244,2,0,0,7.1427983761790586,20.95527291138889,11
C017,2025-01-14,2025-01-14 04:45:00,2025-01-14 12:27:49.793815422,2,0,1,7.713831615395182,5.357201623611112,12
C017,2025-01-15,2025-01-15 04:45:00,2025-01-15 10:46:56.051088126,2,0,1,6.032236413368479,16.286168384444444,13
C017,2025-01-16,2025-01-16 04:45:00,2025-01-16 14:24:36.874548248,2,0,1,9.66024293006889,17.967763586388887,14
C017,2025-01-17,2025-01-17 16:45:00,2025-01-17 23:59:01.943253448,2,0,0,7.2338731259579365,26.33975706972222,15
C017,2025-01-18,2025-01-18 06:30:00,2025-01-18 15:48:50.229128091,1,0,0,9.313952535580963,6.516126873888888,16
C017,2025-01-19,2025-01-19 08:00:00,2025-01-19 16:54:48.540302490,4,0,0,8.913483417358584,16.186047464166666,17
C017,2025-01-20,2025-01-20 23:15:00,2025-01-21 05:38:49.969825761,4,1,0,6.397213840489364,30.3365165825,18
C017,2025-01-21,2025-01-21 10:45:00,2025-01-21 20:44:25.768640419,3,0,0,9.990491289005542,5.102786159444444,19
C017,2025-01-22,2025-01-22 16:15:00,2025-01-22 23:02:32.575440772,3,0,0,6.792382066881158,19.509508710833334,20
C017,2025-01-23,2025-01-23 11:15:00,2025-01-23 19:26:09.003000884,1,0,0,8.185834166912498,12.207617933055555,21
C017,2025-01-26,2025-01-26 23:15:00,2025-01-27 07:25:21.711514209,2,1,0,8.172697642835848,53.0,1
C017,2025-01-29,2025-01-29 09:30:00,2025-01-29 15:48:26.027151397,3,0,0,6.307229764277125,44.0,1
C017,2025-01-30,2025-01-30 02:15:00,2025-01-30 08:46:44.513788719,4,1,1,6.529031607977677,10.442770235555555,2
C017,2025-01-31,2025-01-31 05:30:00,2025-01-31 11:42:08.963600674,4,0,1,6.202489889076297,20.720968391944442,3
C017,2025-02-01,2025-02-01 12:45:00,2025-02-01 21:40:28.665760150,2,0,0,8.924629377819668,25.047510110833336,4
C017,2025-02-02,2025-02-02 11:15:00,2025-02-02 21:08:42.725952342,2,0,0,9.895201653428598,13.575370621944446,5
C017,2025-02-03,2025-02-03 23:45:00,2025-02-04 06:20:00.034559862,4,1,0,6.583342933295066,26.60479834638889,6
C017,2025-02-04,2025-02-04 06:45:00,2025-02-04 13:38:50.187247490,4,0,0,6.8972742354141054,0.41665706666666663,7
C017,2025-02-05,2025-02-05 01:45:00,2025-02-05 08:25:29.670808542,1,1,1,6.6749085579284575,12.102725764444443,8
C017,2025-02-08,2025-02-08 04:30:00,2025-02-08 12:16:06.341299387,3,0,1,7.76842813871888,59.0,1
C017,2025-02-09,2025-02-09 12:30:00,2025-02-09 21:43:18.225541919,3,0,0,9.221729317199944,24.23157186111111,2
C017,2025-02-12,2025-02-12 13:15:00,2025-02-12 19:45:08.144332376,1,0,0,6.5022623145490055,59.0,1
C017,2025-02-13,2025-02-13 09:15:00,2025-02-13 16:01:25.468938573,2,0,0,6.77374137182593,13.497737685277778,2
C017,2025-02-14,2025-02-14 02:30:00,2025-02-14 09:05:40.467870825,3,1,1,6.594574408562653,10.476258628055556,3
C017,2025-02-15,2025-02-15 06:45:00,2025-02-15 15:54:43.495347912,1,0,0,9.162082041086695,21.655425591388887,4
C017,2025-02-16,2025-02-16 04:15:00,2025-02-16 10:52:30.964378207,3,0,1,6.625267882835443,12.33791795888889,5
C017,2025-02-17,2025-02-17 22:00:00,2025-02-18 06:58:09.369264820,2,1,0,8.969269240228003,35.12473211694444,6
C017,2025-02-18,2025-02-18 11:15:00,2025-02-18 21:09:32.831028956,3,0,0,9.90911973026579,4.280730759722222,7
C017,2025-02-19,2025-02-19 10:45:00,2025-02-19 20:41:26.513593305,2,0,0,9.940698220362698,13.590880269722222,8
C017,2025-02-20,2025-02-20 09:00:00,2025-02-20 16:19:16.099212030,4,0,0,7.321138670008338,12.309301779444445,9
C017,2025-02-21,2025-02-21 04:45:00,2025-02-21 12:28:06.569240114,1,0,1,7.718491455587376,12.428861329722222,10
C017,2025-02-24,2025-02-24 08:45:00,2025-02-24 18:18:34.752619625,4,0,0,9.55965350545145,24.0,1
C017,2025-02-25,2025-02-25 19:45:00,2025-02-26 03:33:26.674171597,4,1,0,7.807409492110365,25.440346494444444,2
C017,2025-02-27,2025-02-27 06:45:00,2025-02-27 16:08:15.176031776,3,0,0,9.387548897715812,65.0,1
C017,2025-02-28,2025-02-28 00:45:00,2025-02-28 08:06:54.233708671,2,1,1,7.365064919075444,8.612451102222222,2
C017,2025-03-01,2025-03-01 16:15:00,2025-03-01 22:19:24.760446983,4,0,0,6.073544568606389,32.13493508083334,3
C018,2025-01-01,2025-01-01 15:15:00,2025-01-02 00:14:17.927046658,3,1,0,8.988313068516115,60.0,1
C018,2025-01-02,2025-01-02 04:30:00,2025-01-02 13:53:52.028249650,3,0,1,9.397785624902943,4.261686931388889,2
C018,2025-01-03,2025-01-03 16:45:00,2025-01-04 02:27:55.577517776,1,1,0,9.715438199382262,26.852214375,3
C018,2025-01-04,2025-01-04 04:45:00,2025-01-04 11:47:03.718912340,3,0,1,7.034366364539136,2.2845618005555557,4
C018,2025-01-05,2025-01-05 11:30:00,2025-01-05 18:11:54.919476907,2,0,0,6.698588743585319,23.715633635277776,5
C018,2025-01-06,2025-01-06 00:00:00,2025-01-06 07:36:43.048086246,4,1,1,7.6119578017351675,5.801411256388889,6
C018,2025-01-09,2025-01-09 12:15:00,2025-01-09 20:39:13.132881490,2,0,0,8.403648022636345,35.0,1
C018,2025-01-11,2025-01-11 01:45:00,2025-01-11 08:48:03.386212962,1,1,1,7.050940614711786,59.0,1
C018,2025-01-12,2025-01-12 11:15:00,2025-01-12 19:42:28.595196167,3,0,0,8.457943110046525,26.449059385277778,2
C018,2025-01-13,2025-01-13 20:00:00,2025-01-14 04:46:22.300364582,4,1,0,8.772861212383983,24.29205688972222,3
C018,2025-01-15,2025-01-15 04:15:00,2025-01-15 12:54:36.806241695,1,0,1,8.660223956026524,30.0,1
C018,2025-01-17,2025-01-17 01:15:00,2025-01-17 09:05:12.462302987,1,1,1,7.836795084163116,68.0,1
C018,2025-01-18,2025-01-18 08:30:00,2025-01-18 14:33:16.329944243,1,0,0,6.054536095623286,23.413204915833337,2
C018,2025-01-19,2025-01-19 05:45:00,2025-01-19 13:54:40.311457365,1,0,1,8.161197627045999,15.195463904166667,3
C018,2025-01-20,2025-01-20 16:30:00,2025-01-21 00:42:44.812383240,1,1,0,8.212447884233486,26.588802372777778,4
C018,2025-01-21,2025-01-21 22:00:00,2025-01-22 05:09:58.244557066,4,1,0,7.16617904362964,21.287552115555556,5
C018,2025-01-23,2025-01-23 06:15:00,2025-01-23 15:34:08.009275031,4,0,0,9.318891465286498,34.0,1
C018,2025-01-24,2025-01-24 02:30:00,2025-01-24 10:16:57.491085794,1,1,1,7.782636412720597,10.931108534444446,2
C018,2025-01-25,2025-01-25 08:00:00,2025-01-25 15:36:38.933582321,4,0,0,7.610814883978241,21.717363587222223,3
C018,2025-01-26,2025-01-26 10:45:00,2025-01-26 18:12:31.257737774,3,0,0,7.458682704937346,19.13918511583333,4
C018,2025-01-27,2025-01-27 04:30:00,2025-01-27 11:31:37.106346860,4,0,1,7.026973985239032,10.291317295,5
C018,2025-01-28,2025-01-28 02:00:00,2025-01-28 09:14:18.043694634,1,1,1,7.238345470731673,14.473026014722222,6
C018,2025-01-30,2025-01-30 12:30:00,2025-01-30 21:41:09.722684021,3,0,0,9.186034078894833,31.0,1
C018,2025-02-01,2025-02-01 05:00:00,2025-02-01 12:11:32.289367557,4,0,1,7.192302602099291,32.0,1
C018,2025-02-05,2025-02-05 13:30:00,2025-02-05 21:35:34.267991580,4,0,0,8.0928522198835,29.0,1
C018,2025-02-06,2025-02-06 08:45:00,2025-02-06 18:39:29.256142250,3,0,0,9.908126706180704,11.157147779999999,2
C018,2025-02-08,2025-02-08 06:00:00,2025-02-08 13:51:53.014912236,4,0,0,7.864726364510227,49.0,1
C018,2025-02-09,2025-02-09 10:15:00,2025-02-09 19:53:43.284337132,1,0,0,9.645356760314524,20.385273635277777,2
C018,2025-02-10,2025-02-10 04:15:00,2025-02-10 13:34:58.142734992,1,0,1,9.332817426386697,8.354643239444444,3
C018,2025-02-11,2025-02-11 08:15:00,2025-02-11 16:57:15.912371726,3,0,0,8.704420103257407,18.66718257361111,4
C018,2025-02-12,2025-02-12 14:30:00,2025-02-12 21:46:18.948739300,3,0,0,7.27193020536134,21.545579896666666,5
C018,2025-02-13,2025-02-13 22:45:00,2025-02-14 05:46:04.496886943,2,1,0,7.0179158019287025,24.978069794444444,6
C018,2025-02-15,2025-02-15 01:00:00,2025-02-15 07:42:34.045608457,1,1,1,6.7094571134604255,38.0,1
C018,2025-02-16,2025-02-16 01:30:00,2025-02-16 08:16:28.375762258,1,1,1,6.774548822849683,17.790542886388888,2
C018,2025-02-17,2025-02-17 13:00:00,2025-02-17 20:49:17.517150920,2,0,0,7.82153254192243,28.725451176944443,3
C018,2025-02-18,2025-02-18 04:15:00,2025-02-18 10:51:20.625326927,1,0,1,6.605729257479853,7.428467458055556,4
C018,2025-02-19,2025-02-19 13:00:00,2025-02-19 22:28:21.637852701,1,0,0,9.472677181306016,26.144270742499998,5
C018,2025-02-21,2025-02-21 06:45:00,2025-02-21 15:32:34.057401741,1,0,0,8.792793722706,30.0,1
C018,2025-02-22,2025-02-22 02:45:00,2025-02-22 08:58:58.640517648,3,1,1,6.232955699346674,11.207206277222223,2
C018,2025-02-23,2025-02-23 16:45:00,2025-02-24 00:20:06.901807174,1,1,0,7.585250501992882,31.767044300555554,3
C018,2025-02-26,2025-02-26 08:15:00,2025-02-26 16:20:40.753191186,2,0,0,8.094653664218443,71.0,1
C018,2025-02-27,2025-02-27 23:15:00,2025-02-28 06:11:42.112021668,4,1,0,6.945031117130195,30.905346335555553,2
C018,2025-02-28,2025-02-28 12:00:00,2025-02-28 18:46:50.839169835,1,0,0,6.7807886582875305,5.804968882777778,3
C018,2025-03-01,2025-03-01 01:15:00,2025-03-01 07:36:15.505367202,4,1,1,6.354307046445252,6.469211341666667,4
C019,2025-01-02,2025-01-02 12:15:00,2025-01-02 18:17:31.108432415,1,0,0,6.041974564559778,33.0,1
C019,2025-01-03,2025-01-03 02:15:00,2025-01-03 08:56:01.300455586,1,1,1,6.683694570996185,7.9580254352777775,2
C019,2025-01-06,2025-01-06 09:00:00,2025-01-06 17:34:32.974744045,4,0,0,8.575826317790455,41.0,1
C019,2025-01-07,2025-01-07 01:00:00,2025-01-07 07:25:57.595998941,4,1,1,6.432665555261654,7.424173681944445,2
C019,2025-01-09,2025-01-09 19:15:00,2025-01-10 02:02:36.295620005,1,1,0,6.793415450001572,47.0,1
C019,2025-01-10,2025-01-10 23:30:00,2025-01-11 06:53:54.055960711,1,1,0,7.398348877975467,21.456584549722223,2
C019,2025-01-12,2025-01-12 02:45:00,2025-01-12 09:57:36.644533491,3,1,1,7.210179037081077,32.0,1
C019,2025-01-14,2025-01-14 22:45:00,2025-01-15 07:02:27.876508983,3,1,0,8.291076808050962,33.0,1
C019,2025-01-15,2025-01-15 14:30:00,2025-01-15 22:16:02.405349148,3,0,0,7.767334819207818,7.458923191944444,2
C019,2025-01-18,2025-01-18 06:00:00,2025-01-18 15:25:09.203214709,3,0,0,9.419223115197045,26.0,1
C019,2025-01-19,2025-01-19 21:30:00,2025-01-20 04:55:23.896851103,1,1,0,7.423304680862205,30.080776884722223,2
C019,2025-01-21,2025-01-21 10:45:00,2025-01-21 20:15:43.682584960,2,0,0,9.512134051377828,36.0,1
C019,2025-01-23,2025-01-23 19:45:00,2025-01-24 02:18:20.989983602,1,1,0,6.55583055100062,60.0,1
C019,2025-01-24,2025-01-24 15:00:00,2025-01-24 22:11:11.219743062,2,0,0,7.186449928628372,12.69416944888889,2
C019,2025-01-28,2025-01-28 04:15:00,2025-01-28 10:29:11.123820609,3,0,1,6.236423283502618,28.0,1
C019,2025-01-29,2025-01-29 04:45:00,2025-01-29 11:06:52.425208003,2,0,1,6.36456255777871,18.26357671638889,2
C019,2025-01-30,2025-01-30 06:45:00,2025-01-30 14:04:28.509443963,3,0,0,7.324585956656599,19.635437441944447,3
C019,2025-01-31,2025-01-31 21:15:00,2025-02-01 04:15:22.013347148,1,1,0,7.006114818652387,31.175414043333333,4
C019,2025-02-02,2025-02-02 15:15:00,2025-02-02 22:30:41.237903032,1,0,0,7.26145497306447,36.0,1
C019,2025-02-05,2025-02-05 05:15:00,2025-02-05 13:26:15.775814190,3,0,1,8.187715503941908,35.0,1
C019,2025-02-07,2025-02-07 10:00:00,2025-02-07 19:58:12.210530332,2,0,0,9.970058480647886,69.0,1
C019,2025-02-08,2025-02-08 18:30:00,2025-02-09 02:23:31.748400512,3,1,0,7.892152333475788,22.529941519166666,2
C019,2025-02-09,2025-02-09 06:30:00,2025-02-09 13:50:12.375084092,4,0,0,7.336770856692439,4.1078476663888885,3
C019,2025-02-10,2025-02-10 10:45:00,2025-02-10 18:50:15.134325474,1,0,0,8.087537312631772,20.913229143055553,4
C019,2025-02-12,2025-02-12 02:45:00,2025-02-12 09:34:53.893689732,2,1,1,6.8316371360368215,36.0,1
C019,2025-02-13,2025-02-13 13:45:00,2025-02-13 20:17:27.129317465,3,0,0,6.540869254851419,28.16836286388889,2
C019,2025-02-14,2025-02-14 06:00:00,2025-02-14 15:47:49.532729936,2,0,0,9.797092424982468,9.709130745,3
C019,2025-02-15,2025-02-15 00:30:00,2025-02-15 07:12:31.515717500,4,1,1,6.70875436597227,8.702907575000001,4
C019,2025-02-16,2025-02-16 23:15:00,2025-02-17 08:03:57.579983568,3,1,0,8.815994439880116,40.041245633888884,5
C019,2025-02-17,2025-02-17 20:15:00,2025-02-18 03:57:39.098938299,4,1,0,7.710860816194171,12.18400556,6
C019,2025-02-18,2025-02-18 05:45:00,2025-02-18 13:38:31.596048139,4,0,1,7.892110013372083,1.789139183611111,7
C019,2025-02-19,2025-02-19 12:30:00,2025-02-19 20:46:10.429595847,1,0,0,8.269563776624294,22.85788998638889,8
C019,2025-02-20,2025-02-20 08:00:00,2025-02-20 14:31:57.822609612,2,0,0,6.532728502670094,11.230436223333333,9
C019,2025-02-21,2025-02-21 16:15:00,2025-02-21 22:58:51.616790219,2,0,0,6.731004663949744,25.71727149722222,10
C019,2025-02-22,2025-02-22 00:00:00,2025-02-22 07:28:09.179765115,3,1,1,7.469216601421071,1.0189953358333335,11
C019,2025-02-23,2025-02-23 02:00:00,2025-02-23 09:08:51.724305420,4,1,1,7.147701195950053,18.530783398333334,12
C019,2025-02-25,2025-02-25 15:15:00,2025-02-25 23:20:07.829109221,1,0,0,8.085508085894965,59.0,1
C019,2025-02-26,2025-02-26 09:15:00,2025-02-26 18:48:45.481758650,1,0,0,9.56263382184737,9.91449191388889,2
C019,2025-02-27,2025-02-27 13:00:00,2025-02-27 22:39:07.797123213,2,0,0,9.652165867559424,18.187366178055555,3
C019,2025-03-01,2025-03-01 06:00:00,2025-03-01 13:32:20.149101707,1,0,0,7.53893030602978,68.0,1
C020,2025-01-01,2025-01-01 16:30:00,2025-01-01 22:49:34.678928803,3,0,0,6.326299702445464,65.0,1
C020,2025-01-02,2025-01-02 19:45:00,2025-01-03 02:35:59.471557719,1,1,0,6.849853210477732,20.923700297499998,2
C020,2025-01-03,2025-01-03 06:00:00,2025-01-03 15:27:14.110486744,1,0,0,9.453919579651252,3.400146789444445,3
C020,2025-01-04,2025-01-04 10:00:00,2025-01-04 18:13:46.631486124,3,0,0,8.229619857256749,18.54608042027778,4
C020,2025-01-05,2025-01-05 19:45:00,2025-01-06 04:11:53.653657308,2,1,0,8.448237127030055,25.5203801425,5
C020,2025-01-06,2025-01-06 04:45:00,2025-01-06 14:16:08.434593038,3,0,1,9.519009609177374,0.5517628727777778,6
C020,2025-01-07,2025-01-07 00:00:00,2025-01-07 06:00:06.691801463,1,1,1,6.001858833739922,9.730990390555556,7
C020,2025-01-10,2025-01-10 15:30:00,2025-01-10 21:39:40.160818577,2,0,0,6.1611557829381685,46.0,1
C020,2025-01-11,2025-01-11 22:15:00,2025-01-12 07:03:13.073911727,2,1,0,8.803631642146547,24.588844216944445,2
C020,2025-01-12,2025-01-12 18:45:00,2025-01-13 01:12:20.370661235,4,1,0,6.455658517009891,11.696368357777779,3
C020,2025-01-15,2025-01-15 14:15:00,2025-01-15 22:16:04.165560038,3,0,0,8.017823766677422,41.0,1
C020,2025-01-17,2025-01-17 13:30:00,2025-01-17 21:07:16.685193316,2,0,0,7.621301442587813,70.0,1
C020,2025-01-18,2025-01-18 18:00:00,2025-01-19 01:06:38.507605393,4,1,0,7.11069655705373,20.878698557222222,2
C020,2025-01-19,2025-01-19 18:45:00,2025-01-20 02:43:23.334390580,3,1,0,7.973148441827861,17.639303442777777,3
C020,2025-01-21,2025-01-21 01:45:00,2025-01-21 07:58:04.898032614,2,1,1,6.218027231281857,51.0,1
C020,2025-01-22,2025-01-22 08:00:00,2025-01-22 15:12:35.514971445,3,0,0,7.209865269845879,24.03197276861111,2
C020,2025-01-23,2025-01-23 18:15:00,2025-01-24 02:59:07.641189809,3,1,0,8.735455886058276,27.04013473,3
C020,2025-01-24,2025-01-24 14:45:00,2025-01-24 22:45:08.342171003,3,0,0,8.002317269723324,11.764544113888888,4
C020,2025-01-25,2025-01-25 05:30:00,2025-01-25 11:45:17.060652036,2,0,1,6.254739070010067,6.74768273,5
C020,2025-01-27,2025-01-27 05:15:00,2025-01-27 13:53:57.317837722,3,0,1,8.64925495492288,31.0,1
C020,2025-01-28,2025-01-28 13:00:00,2025-01-28 22:26:02.492945542,1,0,0,9.434025818206218,23.100745045,2
C020,2025-01-29,2025-01-29 23:30:00,2025-01-30 06:15:24.999150259,3,1,0,6.756944208405459,25.065974181666668,3
C020,2025-02-01,2025-02-01 13:30:00,2025-02-01 19:51:09.391077167,1,0,0,6.352608632546578,34.0,1
C020,2025-02-02,2025-02-02 11:30:00,2025-02-02 19:48:40.722789764,3,0,0,8.311311886045743,15.647391367222221,2
C020,2025-02-03,2025-02-03 20:15:00,2025-02-04 04:22:41.399275703,3,1,0,8.128166465473159,24.43868811388889,3
C020,2025-02-04,2025-02-04 22:30:00,2025-02-05 07:15:59.672822953,1,1,0,8.766575784153853,18.121833534444445,4
C020,2025-02-05,2025-02-05 05:15:00,2025-02-05 12:52:52.003695448,2,0,1,7.631112137624651,-2.0165757841666667,5
C020,2025-02-07,2025-02-07 21:30:00,2025-02-08 04:11:57.186368421,3,1,0,6.699218435672504,70.0,1
C020,2025-02-08,2025-02-08 04:15:00,2025-02-08 10:48:25.258619299,4,0,1,6.557016283138816,0.05078156416666666,2
C020,2025-02-09,2025-02-09 01:15:00,2025-02-09 07:45:40.601475326,1,1,1,6.511278187590723,14.442983716666667,3
C020,2025-02-12,2025-02-12 04:15:00,2025-02-12 11:54:48.403287474,4,0,1,7.66344535763179,50.0,1
C020,2025-02-13,2025-02-13 05:15:00,2025-02-13 14:43:36.117946604,1,0,1,9.47669942961235,17.33655464222222,2
C020,2025-02-14,2025-02-14 13:45:00,2025-02-14 20:31:58.262017434,2,0,0,6.782850560398597,23.023300570277776,3
C020,2025-02-15,2025-02-15 08:30:00,2025-02-15 15:36:26.927560684,2,0,0,7.107479877968049,11.967149439444444,4
C020,2025-02-16,2025-02-16 23:30:00,2025-02-17 07:17:17.341250218,1,1,0,7.788150347282851,31.892520121944443,5
C020,2025-02-17,2025-02-17 02:45:00,2025-02-17 08:51:34.075489859,1,1,1,6.109465413849971,-4.5381503475,6
C020,2025-02-18,2025-02-18 04:15:00,2025-02-18 12:27:55.057545125,4,0,1,8.215293762534902,19.39053458611111,7
C020,2025-02-19,2025-02-19 22:15:00,2025-02-20 04:36:39.926623067,1,1,0,6.361090728629958,33.784706237222224,8
C020,2025-02-20,2025-02-20 00:45:00,2025-02-20 08:09:40.051523877,4,1,1,7.411125423299382,-3.8610907288888887,9
C020,2025-02-21,2025-02-21 06:45:00,2025-02-21 15:14:07.160987842,2,0,0,8.485322496622828,22.58887457666667,10
C020,2025-02-24,2025-02-24 06:45:00,2025-02-24 15:45:03.755434857,4,0,0,9.001043176349262,36.0,1
C020,2025-02-26,2025-02-26 20:15:00,2025-02-27 04:16:36.337154528,1,1,0,8.026760320702316,38.0,1
C020,2025-02-27,2025-02-27 23:15:00,2025-02-28 07:35:02.900110018,4,1,0,8.334138919449597,18.973239679166667,2
C020,2025-02-28,2025-02-28 14:15:00,2025-02-28 23:16:05.798801362,2,0,0,9.018277444822946,6.665861080277778,3
C020,2025-03-01,2025-03-01 01:00:00,2025-03-01 07:11:41.041635296,2,1,1,6.194733787582442,1.731722555,4
